samples,class
GSM1876422,cancer
GSM1876423,cancer
GSM1876424,cancer
GSM1876425,cancer
GSM1876426,cancer
GSM1876427,cancer
GSM1876428,cancer
GSM1876429,cancer
GSM1876430,cancer
GSM1876431,cancer
GSM1876432,cancer
GSM1876433,cancer
GSM1876434,cancer
GSM1876435,cancer
GSM1876436,cancer
GSM1876437,cancer
GSM1876438,cancer
GSM1876439,cancer
GSM1876440,cancer
GSM1876441,cancer
GSM1876442,cancer
GSM1876443,cancer
GSM1876444,cancer
GSM1876445,cancer
GSM1876446,cancer
GSM1876447,cancer
GSM1876448,cancer
GSM1876449,cancer
GSM1876450,cancer
GSM1876451,cancer
GSM1876452,cancer
GSM1876453,cancer
GSM1876454,cancer
GSM1876455,cancer
GSM1876456,cancer
GSM1876457,cancer
GSM1876458,cancer
GSM1876459,cancer
GSM1876460,cancer
GSM1876461,cancer
GSM1876462,cancer
GSM1876463,cancer
GSM1876464,cancer
GSM1876465,cancer
GSM1876466,cancer
GSM1876467,cancer
GSM1876468,cancer
GSM1876469,cancer
GSM1876470,cancer
GSM1876471,cancer
GSM1876472,cancer
GSM1876473,cancer
GSM1876474,cancer
GSM1876475,cancer
GSM1876476,cancer
GSM1876477,cancer
GSM1876478,cancer
GSM1876479,cancer
GSM1876480,cancer
GSM1876481,cancer
GSM1876482,cancer
GSM1876483,cancer
GSM1876484,cancer
GSM1876485,cancer
GSM1876486,cancer
GSM1876487,cancer
GSM1876488,cancer
GSM1876489,cancer
GSM1876490,cancer
GSM1876491,cancer
GSM1876492,cancer
GSM1876493,cancer
GSM1876494,cancer
GSM1876495,cancer
GSM1876496,cancer
GSM1876497,cancer
GSM1876498,cancer
GSM1876499,cancer
GSM1876500,cancer
GSM1876501,cancer
GSM1876502,cancer
GSM1876503,cancer
GSM1876504,cancer
GSM1876505,cancer
GSM1876506,cancer
GSM1876507,cancer
GSM1876508,cancer
GSM1876509,cancer
GSM1876510,cancer
GSM1876511,cancer
GSM1876512,cancer
GSM1876513,cancer
GSM1876514,cancer
GSM1876515,cancer
GSM1876516,cancer
GSM1876517,cancer
GSM1876518,cancer
GSM1876519,cancer
GSM1876520,cancer
GSM1876521,cancer
GSM1876522,cancer
GSM1876523,cancer
GSM1876524,cancer
GSM1876525,cancer
GSM1876526,cancer
GSM1876527,cancer
GSM1876528,cancer
GSM1876529,cancer
GSM1876530,cancer
GSM1876531,cancer
GSM1876532,cancer
GSM1876533,cancer
GSM1876534,cancer
GSM1876535,cancer
GSM1876536,cancer
GSM1876537,cancer
GSM1876538,cancer
GSM1876539,cancer
GSM1876540,cancer
GSM1876541,cancer
GSM1876542,cancer
GSM1876543,cancer
GSM1876544,cancer
GSM1876545,cancer
GSM1876546,cancer
GSM1876547,cancer
GSM1876548,cancer
GSM1876549,cancer
GSM1876550,cancer
GSM1876551,cancer
GSM1876552,cancer
GSM1876553,cancer
GSM1876554,cancer
GSM1876555,cancer
GSM1876556,cancer
GSM1876557,cancer
GSM1876558,cancer
GSM1876559,cancer
GSM1876560,cancer
GSM1876561,cancer
GSM1876562,cancer
GSM1876563,cancer
GSM1876564,cancer
GSM1876565,cancer
GSM1876566,cancer
GSM1876567,cancer
GSM1876568,cancer
GSM1876569,cancer
GSM1876570,cancer
GSM1876571,cancer
GSM1876572,cancer
GSM1876573,cancer
GSM1876574,cancer
GSM1876575,cancer
GSM1876576,cancer
GSM1876577,cancer
GSM1876578,cancer
GSM1876579,cancer
GSM1876580,cancer
GSM1876581,cancer
GSM1876582,cancer
GSM1876583,cancer
GSM1876584,cancer
GSM1876585,cancer
GSM1876586,cancer
GSM1876587,cancer
GSM1876588,cancer
GSM1876589,cancer
GSM1876590,cancer
GSM1876591,cancer
GSM1876592,cancer
GSM1876593,cancer
GSM1876594,cancer
GSM1876595,cancer
GSM1876596,cancer
GSM1876597,cancer
GSM1876598,cancer
GSM1876599,cancer
GSM1876600,cancer
GSM1876601,cancer
GSM1876602,cancer
GSM1876603,cancer
GSM1876604,cancer
GSM1876605,cancer
GSM1876606,cancer
GSM1876607,cancer
GSM1876608,cancer
GSM1876609,cancer
GSM1876610,cancer
GSM1876611,cancer
GSM1876612,cancer
GSM1876613,cancer
GSM1876614,cancer
GSM1876615,cancer
GSM1876616,cancer
GSM1876617,cancer
GSM1876618,cancer
GSM1876619,cancer
GSM1876620,cancer
GSM1876621,cancer
GSM1876622,cancer
GSM1876623,cancer
GSM1876624,cancer
GSM1876625,cancer
GSM1876626,cancer
GSM1876627,cancer
GSM1876628,cancer
GSM1876629,cancer
GSM1876630,cancer
GSM1876631,cancer
GSM1876632,cancer
GSM1876633,cancer
GSM1876634,cancer
GSM1876635,cancer
GSM1876636,cancer
GSM1876637,cancer
GSM1876638,cancer
GSM1876639,cancer
GSM1876640,cancer
GSM1876641,cancer
GSM1876642,cancer
GSM1876643,cancer
GSM1876644,cancer
GSM1876645,cancer
GSM1876646,cancer
GSM1876647,cancer
GSM1876648,cancer
GSM1876649,cancer
GSM1876650,cancer
GSM1876651,cancer
GSM1876652,cancer
GSM1876653,cancer
GSM1876654,cancer
GSM1876655,cancer
GSM1876656,cancer
GSM1876657,cancer
GSM1876658,cancer
GSM1876659,cancer
GSM1876660,cancer
GSM1876661,cancer
GSM1876662,cancer
GSM1876663,cancer
GSM1876664,cancer
GSM1876665,cancer
GSM1876666,cancer
GSM1876667,cancer
GSM1876668,cancer
GSM1876669,cancer
GSM1876670,cancer
GSM1876671,cancer
GSM1876672,cancer
GSM1876673,cancer
GSM1876674,cancer
GSM1876675,cancer
GSM1876676,cancer
GSM1876677,cancer
GSM1876678,cancer
GSM1876679,cancer
GSM1876680,cancer
GSM1876681,cancer
GSM1876682,cancer
GSM1876683,cancer
GSM1876684,cancer
GSM1876685,cancer
GSM1876686,cancer
GSM1876687,cancer
GSM1876688,cancer
GSM1876689,cancer
GSM1876690,cancer
GSM1876691,cancer
GSM1876692,cancer
GSM1876693,cancer
GSM1876694,cancer
GSM1876695,cancer
GSM1876696,cancer
GSM1876697,cancer
GSM1876698,cancer
GSM1876699,cancer
GSM1876700,cancer
GSM1876701,cancer
GSM1876702,cancer
GSM1876703,cancer
GSM1876704,cancer
GSM1876705,cancer
GSM1876706,cancer
GSM1876707,cancer
GSM1876708,cancer
GSM1876709,cancer
GSM1876710,cancer
GSM1876711,cancer
GSM1876712,cancer
GSM1876713,cancer
GSM1876714,cancer
GSM1876715,cancer
GSM1876716,cancer
GSM1876717,cancer
GSM1876718,cancer
GSM1876719,cancer
GSM1876720,cancer
GSM1876721,cancer
GSM1876722,cancer
GSM1876723,cancer
GSM1876724,cancer
GSM1876725,cancer
GSM1876726,cancer
GSM1876727,cancer
GSM1876728,cancer
GSM1876729,cancer
GSM1876730,cancer
GSM1876731,cancer
GSM1876732,cancer
GSM1876733,cancer
GSM1876734,cancer
GSM1876735,cancer
GSM1876736,cancer
GSM1876737,cancer
GSM1876738,cancer
GSM1876739,cancer
GSM1876740,cancer
GSM1876741,cancer
GSM1876742,cancer
GSM1876743,cancer
GSM1876744,cancer
GSM1876745,cancer
GSM1876746,cancer
GSM1876747,cancer
GSM1876748,cancer
GSM1876749,cancer
GSM1876750,cancer
GSM1876751,cancer
GSM1876752,cancer
GSM1876753,cancer
GSM1876754,cancer
GSM1876755,cancer
GSM1876756,cancer
GSM1876757,cancer
GSM1876758,cancer
GSM1876759,cancer
GSM1876760,cancer
GSM1876761,cancer
GSM1876762,cancer
GSM1876763,cancer
GSM1876764,cancer
GSM1876765,cancer
GSM1876766,cancer
GSM1876767,cancer
GSM1876768,cancer
GSM1876769,cancer
GSM1876770,cancer
GSM1876771,cancer
GSM1876772,cancer
GSM1876773,cancer
GSM1876774,cancer
GSM1876775,cancer
GSM1876776,cancer
GSM1876777,cancer
GSM1876778,cancer
GSM1876779,cancer
GSM1876780,cancer
GSM1876781,cancer
GSM1876782,cancer
GSM1876783,cancer
GSM1876784,cancer
GSM1876785,cancer
GSM1876786,cancer
GSM1876787,cancer
GSM1876788,cancer
GSM1876789,cancer
GSM1876790,cancer
GSM1876791,cancer
GSM1876792,cancer
GSM1876793,cancer
GSM1876794,cancer
GSM1876795,cancer
GSM1876796,cancer
GSM1876797,cancer
GSM1876798,cancer
GSM1876799,cancer
GSM1876800,cancer
GSM1876801,cancer
GSM1876802,cancer
GSM1876803,cancer
GSM1876804,cancer
GSM1876805,cancer
GSM1876806,cancer
GSM1876807,cancer
GSM1876808,cancer
GSM1876809,cancer
GSM1876810,cancer
GSM1876811,cancer
GSM1876812,cancer
GSM1876813,cancer
GSM1876814,cancer
GSM1876815,cancer
GSM1876816,cancer
GSM1876817,cancer
GSM1876818,cancer
GSM1876819,cancer
GSM1876820,cancer
GSM1876821,cancer
GSM1876822,cancer
GSM1876823,cancer
GSM1876824,cancer
GSM1876825,cancer
GSM1876826,cancer
GSM1876827,cancer
GSM1876828,cancer
GSM1876829,cancer
GSM1876830,cancer
GSM1876831,cancer
GSM1876832,cancer
GSM1876833,cancer
GSM1876834,cancer
GSM1876835,cancer
GSM1876836,cancer
GSM1876837,cancer
GSM1876838,cancer
GSM1876839,cancer
GSM1876840,cancer
GSM1876841,cancer
GSM1876842,cancer
GSM1876843,cancer
GSM1876844,cancer
GSM1876845,cancer
GSM1876846,cancer
GSM1876847,cancer
GSM1876848,cancer
GSM1876849,cancer
GSM1876850,cancer
GSM1876851,cancer
GSM1876852,cancer
GSM1876853,cancer
GSM1876854,cancer
GSM1876855,cancer
GSM1876856,cancer
GSM1876857,cancer
GSM1876858,cancer
GSM1876859,cancer
GSM1876860,cancer
GSM1876861,cancer
GSM1876862,cancer
GSM1876863,cancer
GSM1876864,cancer
GSM1876865,cancer
GSM1876866,cancer
GSM1876867,cancer
GSM1876868,cancer
GSM1876869,cancer
GSM1876870,cancer
GSM1876871,cancer
GSM1876872,cancer
GSM1876873,cancer
GSM1876874,cancer
GSM1876875,cancer
GSM1876876,cancer
GSM1876877,cancer
GSM1876878,cancer
GSM1876879,cancer
GSM1876880,cancer
GSM1876881,cancer
GSM1876882,cancer
GSM1876883,cancer
GSM1876884,cancer
GSM1876885,cancer
GSM1876886,cancer
GSM1876887,cancer
GSM1876888,cancer
GSM1876889,cancer
GSM1876890,cancer
GSM1876891,cancer
GSM1876892,cancer
GSM1876893,cancer
GSM1876894,cancer
GSM1876895,cancer
GSM1876896,cancer
GSM1876897,cancer
GSM1876898,cancer
GSM1876899,cancer
GSM1876900,cancer
GSM1876901,cancer
GSM1876902,cancer
GSM1876903,cancer
GSM1876904,cancer
GSM1876905,cancer
GSM1876906,cancer
GSM1876907,cancer
GSM1876908,cancer
GSM1876909,cancer
GSM1876910,cancer
GSM1876911,cancer
GSM1876912,cancer
GSM1876913,cancer
GSM1876914,cancer
GSM1876915,cancer
GSM1876916,cancer
GSM1876917,cancer
GSM1876918,cancer
GSM1876919,cancer
GSM1876920,cancer
GSM1876921,cancer
GSM1876922,cancer
GSM1876923,cancer
GSM1876924,cancer
GSM1876925,cancer
GSM1876926,cancer
GSM1876927,cancer
GSM1876928,cancer
GSM1876929,cancer
GSM1876930,cancer
GSM1876931,cancer
GSM1876932,cancer
GSM1876933,cancer
GSM1876934,cancer
GSM1876935,cancer
GSM1876936,cancer
GSM1876937,cancer
GSM1876938,cancer
GSM1876939,cancer
GSM1876940,cancer
GSM1876941,cancer
GSM1876942,cancer
GSM1876943,cancer
GSM1876944,cancer
GSM1876945,cancer
GSM1876946,cancer
GSM1876947,cancer
GSM1876948,cancer
GSM1876949,cancer
GSM1876950,cancer
GSM1876951,cancer
GSM1876952,cancer
GSM1876953,cancer
GSM1876954,cancer
GSM1876955,cancer
GSM1876956,cancer
GSM1876957,cancer
GSM1876958,cancer
GSM1876959,cancer
GSM1876960,cancer
GSM1876961,cancer
GSM1876962,cancer
GSM1876963,cancer
GSM1876964,cancer
GSM1876965,cancer
GSM1876966,cancer
GSM1876967,cancer
GSM1876968,cancer
GSM1876969,cancer
GSM1876970,cancer
GSM1876971,cancer
GSM1876972,cancer
GSM1876973,cancer
GSM1876974,cancer
GSM1876975,cancer
GSM1876976,cancer
GSM1876977,cancer
GSM1876978,cancer
GSM1876979,cancer
GSM1876980,cancer
GSM1876981,cancer
GSM1876982,cancer
GSM1876983,cancer
GSM1876984,cancer
GSM1876985,cancer
GSM1876986,cancer
GSM1876987,cancer
GSM1876988,cancer
GSM1876989,cancer
GSM1876990,cancer
GSM1876991,cancer
GSM1876992,cancer
GSM1876993,cancer
GSM1876994,cancer
GSM1876995,cancer
GSM1876996,cancer
GSM1876997,cancer
GSM1876998,cancer
GSM1876999,cancer
GSM1877000,cancer
GSM1877001,cancer
GSM1877002,cancer
GSM1877003,cancer
GSM1877004,cancer
GSM1877005,cancer
GSM1877006,cancer
GSM1877007,cancer
GSM1877008,cancer
GSM1877009,cancer
GSM1877010,cancer
GSM1877011,cancer
GSM1877012,cancer
GSM1877013,cancer
GSM1877014,cancer
GSM1877015,cancer
GSM1877016,cancer
GSM1877017,cancer
GSM1877018,cancer
GSM1877019,cancer
GSM1877020,cancer
GSM1877021,cancer
GSM1877022,cancer
GSM1877023,cancer
GSM1877024,cancer
GSM1877025,cancer
GSM1877026,cancer
GSM1877027,cancer
GSM1877028,cancer
GSM1877029,cancer
GSM1877030,cancer
GSM1877031,cancer
GSM1877032,cancer
GSM1877033,cancer
GSM1877034,cancer
GSM1877035,cancer
GSM1877036,cancer
GSM1877037,cancer
GSM1877038,cancer
GSM1877039,cancer
GSM1877040,cancer
GSM1877041,cancer
GSM1877042,cancer
GSM1877043,cancer
GSM1877044,cancer
GSM1877045,cancer
GSM1877046,cancer
GSM1877047,cancer
GSM1877048,cancer
GSM1877049,cancer
GSM1877050,cancer
GSM1877051,cancer
GSM1877052,cancer
GSM1877053,cancer
GSM1877054,cancer
GSM1877055,cancer
GSM1877056,cancer
GSM1877057,cancer
GSM1877058,cancer
GSM1877059,cancer
GSM1877060,cancer
GSM1877061,cancer
GSM1877062,cancer
GSM1877063,cancer
GSM1877064,cancer
GSM1877065,cancer
GSM1877066,cancer
GSM1877067,cancer
GSM1877068,cancer
GSM1877069,cancer
GSM1877070,cancer
GSM1877071,cancer
GSM1877072,cancer
GSM1877073,cancer
GSM1877074,cancer
GSM1877075,cancer
GSM1877076,cancer
GSM1877077,cancer
GSM1877078,cancer
GSM1877079,cancer
GSM1877080,cancer
GSM1877081,cancer
GSM1877082,cancer
GSM1877083,cancer
GSM1877084,cancer
GSM1877085,cancer
GSM1877086,cancer
GSM1877087,cancer
GSM1877088,cancer
GSM1877089,cancer
GSM1877090,cancer
GSM1877091,cancer
GSM1877092,cancer
GSM1877093,cancer
GSM1877094,cancer
GSM1877095,cancer
GSM1877096,cancer
GSM1877097,cancer
GSM1877098,cancer
GSM1877099,cancer
GSM1877100,cancer
GSM1877101,cancer
GSM1877102,cancer
GSM1877103,cancer
GSM1877104,cancer
GSM1877105,cancer
GSM1877106,cancer
GSM1877107,cancer
GSM1877108,cancer
GSM1877109,cancer
GSM1877110,cancer
GSM1877111,cancer
GSM1877112,cancer
GSM1877113,cancer
GSM1877114,cancer
GSM1877115,cancer
GSM1877116,cancer
GSM1877117,cancer
GSM1877118,cancer
GSM1877119,cancer
GSM1877120,cancer
GSM1877121,cancer
GSM1877122,cancer
GSM1877123,cancer
GSM1877124,cancer
GSM1877125,cancer
GSM1877126,cancer
GSM1877127,cancer
GSM1877128,cancer
GSM1877129,cancer
GSM1877130,cancer
GSM1877131,cancer
GSM1877132,cancer
GSM1877133,cancer
GSM1877134,cancer
GSM1877135,cancer
GSM1877136,cancer
GSM1877137,cancer
GSM1877138,cancer
GSM1877139,cancer
GSM1877140,cancer
GSM1877141,cancer
GSM1877142,cancer
GSM1877143,cancer
GSM1877144,cancer
GSM1877145,cancer
GSM1877146,cancer
GSM1877147,cancer
GSM1877148,cancer
GSM1877149,cancer
GSM1877150,cancer
GSM1877151,cancer
GSM1877152,cancer
GSM1877153,cancer
GSM1877154,cancer
GSM1877155,cancer
GSM1877156,cancer
GSM1877157,cancer
GSM1877158,cancer
GSM1877159,cancer
GSM1877160,cancer
GSM1877161,cancer
GSM1877162,cancer
GSM1877163,cancer
GSM1877164,cancer
GSM1877165,cancer
GSM1877166,cancer
GSM1877167,cancer
GSM1877168,cancer
GSM1877169,cancer
GSM1877170,cancer
GSM1877171,cancer
GSM1877172,cancer
GSM1877173,cancer
GSM1877174,cancer
GSM1877175,cancer
GSM1877176,cancer
GSM1877177,cancer
GSM1877178,cancer
GSM1877179,cancer
GSM1877180,cancer
GSM1877181,cancer
GSM1877182,cancer
GSM1877183,cancer
GSM1877184,cancer
GSM1877185,cancer
GSM1877186,cancer
GSM1877187,cancer
GSM1877188,cancer
GSM1877189,cancer
GSM1877190,cancer
GSM1877191,cancer
GSM1877192,cancer
GSM1877193,cancer
GSM1877194,cancer
GSM1877195,cancer
GSM1877196,cancer
GSM1877197,cancer
GSM1877198,cancer
GSM1877199,cancer
GSM1877200,cancer
GSM1877201,cancer
GSM1877202,cancer
GSM1877203,cancer
GSM1877204,cancer
GSM1877205,cancer
GSM1877206,cancer
GSM1877207,cancer
GSM1877208,cancer
GSM1877209,cancer
GSM1877210,cancer
GSM1877211,cancer
GSM1877212,cancer
GSM1877213,cancer
GSM1877214,cancer
GSM1877215,cancer
GSM1877216,cancer
GSM1877217,cancer
GSM1877218,cancer
GSM1877219,cancer
GSM1877220,cancer
GSM1877221,cancer
GSM1877222,cancer
GSM1877223,cancer
GSM1877224,cancer
GSM1877225,cancer
GSM1877226,cancer
GSM1877227,cancer
GSM1877228,cancer
GSM1877229,cancer
GSM1877230,cancer
GSM1877231,cancer
GSM1877232,cancer
GSM1877233,cancer
GSM1877234,cancer
GSM1877235,cancer
GSM1877236,cancer
GSM1877237,cancer
GSM1877238,cancer
GSM1877239,cancer
GSM1877240,cancer
GSM1877241,cancer
GSM1877242,cancer
GSM1877243,cancer
GSM1877244,cancer
GSM1877245,cancer
GSM1877246,cancer
GSM1877247,cancer
GSM1877248,cancer
GSM1877249,cancer
GSM1877250,cancer
GSM1877251,cancer
GSM1877252,cancer
GSM1877253,cancer
GSM1877254,cancer
GSM1877255,cancer
GSM1877256,cancer
GSM1877257,cancer
GSM1877258,cancer
GSM1877259,cancer
GSM1877260,cancer
GSM1877261,cancer
GSM1877262,cancer
GSM1877263,cancer
GSM1877264,cancer
GSM1877265,cancer
GSM1877266,cancer
GSM1877267,cancer
GSM1877268,cancer
GSM1877269,cancer
GSM1877270,cancer
GSM1877271,cancer
GSM1877272,cancer
GSM1877273,cancer
GSM1877274,cancer
GSM1877275,cancer
GSM1877276,cancer
GSM1877277,cancer
GSM1877278,cancer
GSM1877279,cancer
GSM1877280,cancer
GSM1877281,cancer
GSM1877282,cancer
GSM1877283,cancer
GSM1877284,cancer
GSM1877285,cancer
GSM1877286,cancer
GSM1877287,cancer
GSM1877288,cancer
GSM1877289,cancer
GSM1877290,cancer
GSM1877291,cancer
GSM1877292,cancer
GSM1877293,cancer
GSM1877294,cancer
GSM1877295,cancer
GSM1877296,cancer
GSM1877297,cancer
GSM1877298,cancer
GSM1877299,cancer
GSM1877300,cancer
GSM1877301,cancer
GSM1877302,cancer
GSM1877303,cancer
GSM1877304,cancer
GSM1877305,cancer
GSM1877306,cancer
GSM1877307,cancer
GSM1877308,cancer
GSM1877309,cancer
GSM1877310,cancer
GSM1877311,cancer
GSM1877312,cancer
GSM1877313,cancer
GSM1877314,cancer
GSM1877315,cancer
GSM1877316,cancer
GSM1877317,cancer
GSM1877318,cancer
GSM1877319,cancer
GSM1877320,cancer
GSM1877321,cancer
GSM1877322,cancer
GSM1877323,cancer
GSM1877324,cancer
GSM1877325,cancer
GSM1877326,cancer
GSM1877327,cancer
GSM1877328,cancer
GSM1877329,cancer
GSM1877330,cancer
GSM1877331,cancer
GSM1877332,cancer
GSM1877333,cancer
GSM1877334,cancer
GSM1877335,cancer
GSM1877336,cancer
GSM1877337,cancer
GSM1877338,cancer
GSM1877339,cancer
GSM1877340,cancer
GSM1877341,cancer
GSM1877342,cancer
GSM1877343,cancer
GSM1877344,cancer
GSM1877345,cancer
GSM1877346,cancer
GSM1877347,cancer
GSM1877348,cancer
GSM1877349,cancer
GSM1877350,cancer
GSM1877351,cancer
GSM1877352,cancer
GSM1877353,cancer
GSM1877354,cancer
GSM1877355,cancer
GSM1877356,cancer
GSM1877357,cancer
GSM1877358,cancer
GSM1877359,cancer
GSM1877360,cancer
GSM1877361,cancer
GSM1877362,cancer
GSM1877363,cancer
GSM1877364,cancer
GSM1877365,cancer
GSM1877366,cancer
GSM1877367,cancer
GSM1877368,cancer
GSM1877369,cancer
GSM1877370,cancer
GSM1877371,cancer
GSM1877372,cancer
GSM1877373,cancer
GSM1877374,cancer
GSM1877375,cancer
GSM1877376,cancer
GSM1877377,cancer
GSM1877378,cancer
GSM1877379,cancer
GSM1877380,cancer
GSM1877381,cancer
GSM1877382,cancer
GSM1877384,cancer
GSM1877385,cancer
GSM1877386,cancer
GSM1877387,cancer
GSM1877388,cancer
GSM1877389,cancer
GSM1877390,cancer
GSM1877391,cancer
GSM1877392,cancer
GSM1877393,cancer
GSM1877394,cancer
GSM1877395,cancer
GSM1877396,cancer
GSM1877397,cancer
GSM1877398,cancer
GSM1877399,cancer
GSM1877400,cancer
GSM1877401,cancer
GSM1877402,cancer
GSM1877403,cancer
GSM1877404,cancer
GSM1877405,cancer
GSM1877406,cancer
GSM1877407,cancer
GSM1877408,cancer
GSM1877409,cancer
GSM1877410,cancer
GSM1877411,cancer
GSM1877412,cancer
GSM1877413,cancer
GSM1877414,cancer
GSM1877415,cancer
GSM1877416,cancer
GSM1877417,cancer
GSM1877418,cancer
GSM1877419,cancer
GSM1877420,cancer
GSM1877421,cancer
GSM1877422,cancer
GSM1877423,cancer
GSM1877424,cancer
GSM1877425,cancer
GSM1877426,cancer
GSM1877427,cancer
GSM1877428,cancer
GSM1877429,cancer
GSM1877430,cancer
GSM1877431,cancer
GSM1877432,cancer
GSM1877433,cancer
GSM1877434,cancer
GSM1877435,cancer
GSM1877436,cancer
GSM1877437,cancer
GSM1877438,cancer
GSM1877439,cancer
GSM1877440,cancer
GSM1877441,cancer
GSM1877442,cancer
GSM1877443,cancer
GSM1877444,cancer
GSM1877445,cancer
GSM1877446,cancer
GSM1877447,cancer
GSM1877448,cancer
GSM1877449,cancer
GSM1877450,cancer
GSM1877451,cancer
GSM1877452,cancer
GSM1877453,cancer
GSM1877454,cancer
GSM1877455,cancer
GSM1877456,cancer
GSM1877457,cancer
GSM1877458,cancer
GSM1877459,cancer
GSM1877460,cancer
GSM1877461,cancer
GSM1877462,cancer
GSM1877463,cancer
GSM1877464,cancer
GSM1877465,cancer
GSM1877466,cancer
GSM1877467,cancer
GSM1877468,cancer
GSM1877469,cancer
GSM1877470,cancer
GSM1877471,cancer
GSM1877472,cancer
GSM1877473,cancer
GSM1877474,cancer
GSM1877475,cancer
GSM1877476,cancer
GSM1877477,cancer
GSM1877478,cancer
GSM1877479,cancer
GSM1877480,cancer
GSM1877481,cancer
GSM1877482,cancer
GSM1877483,cancer
GSM1877484,cancer
GSM1877485,cancer
GSM1877486,cancer
GSM1877487,cancer
GSM1877488,cancer
GSM1877489,cancer
GSM1877490,cancer
GSM1877491,cancer
GSM1877492,cancer
GSM1877493,cancer
GSM1877494,cancer
GSM1877495,cancer
GSM1877496,cancer
GSM1877497,cancer
GSM1877498,cancer
GSM1877499,cancer
GSM1877500,cancer
GSM1877501,cancer
GSM1877502,cancer
GSM1877503,cancer
GSM1877504,cancer
GSM1877505,cancer
GSM1877506,cancer
GSM1877507,cancer
GSM1877508,cancer
GSM1877509,cancer
GSM1877510,cancer
GSM1877511,cancer
GSM1877512,cancer
GSM1877513,cancer
GSM1877514,cancer
GSM1877515,cancer
GSM1877516,cancer
GSM1877517,cancer
GSM1877518,cancer
GSM1877519,cancer
GSM1877520,cancer
GSM1877521,cancer
GSM1877522,cancer
GSM1877523,cancer
GSM1877524,cancer
GSM1877525,cancer
GSM1877526,cancer
GSM1877527,cancer
GSM1877528,cancer
GSM1877529,cancer
GSM1877530,cancer
GSM1877531,cancer
GSM1877532,cancer
GSM1877533,cancer
GSM1877534,cancer
GSM1877535,cancer
GSM1877536,cancer
GSM1877537,cancer
GSM1877538,cancer
GSM1877539,cancer
GSM1877540,cancer
GSM1877541,cancer
GSM1877542,cancer
GSM1877543,cancer
GSM1877544,cancer
GSM1877545,cancer
GSM1877546,cancer
GSM1877547,cancer
GSM1877548,cancer
GSM1877549,cancer
GSM1877550,cancer
GSM1877551,cancer
GSM1877552,cancer
GSM1877553,cancer
GSM1877554,cancer
GSM1877555,cancer
GSM1877556,cancer
GSM1877557,cancer
GSM1877558,cancer
GSM1877559,cancer
GSM1877560,cancer
GSM1877561,cancer
GSM1877562,cancer
GSM1877563,cancer
GSM1877564,cancer
GSM1877565,cancer
GSM1877566,cancer
GSM1877567,cancer
GSM1877568,cancer
GSM1877569,cancer
GSM1877570,cancer
GSM1877571,cancer
GSM1877572,cancer
GSM1877573,cancer
GSM1877574,cancer
GSM1877575,cancer
GSM1877576,cancer
GSM1877577,cancer
GSM1877578,cancer
GSM1877579,cancer
GSM1877580,cancer
GSM1877581,cancer
GSM1877582,cancer
GSM1877583,cancer
GSM1877584,cancer
GSM1877585,cancer
GSM1877586,cancer
GSM1877587,cancer
GSM1877588,cancer
GSM1877589,cancer
GSM1877590,cancer
GSM1877591,cancer
GSM1877592,cancer
GSM1877593,cancer
GSM1877594,cancer
GSM1877595,cancer
GSM1877596,cancer
GSM1877597,cancer
GSM1877598,cancer
GSM1877599,cancer
GSM1877600,cancer
GSM1877601,cancer
GSM1877602,cancer
GSM1877603,cancer
GSM1877604,cancer
GSM1877605,cancer
GSM1877606,cancer
GSM1877607,cancer
GSM1877608,cancer
GSM1877609,cancer
GSM1877610,cancer
GSM1877611,cancer
GSM1877612,cancer
GSM1877613,cancer
GSM1877614,cancer
GSM1877615,cancer
GSM1877616,cancer
GSM1877617,cancer
GSM1877618,cancer
GSM1877619,cancer
GSM1877620,cancer
GSM1877621,cancer
GSM1877622,cancer
GSM1877623,cancer
GSM1877624,cancer
GSM1877625,cancer
GSM1877626,cancer
GSM1877627,cancer
GSM1877628,cancer
GSM1877629,cancer
GSM1877630,cancer
GSM1877631,cancer
GSM1877632,cancer
GSM1877633,cancer
GSM1877634,cancer
GSM1877635,cancer
GSM1877636,cancer
GSM1877637,cancer
GSM1877638,cancer
GSM1877639,cancer
GSM1877640,cancer
GSM1877641,cancer
GSM1877642,cancer
GSM1877643,cancer
GSM1877644,cancer
GSM1877645,cancer
GSM1877646,cancer
GSM1877647,cancer
GSM1877648,cancer
GSM1877649,cancer
GSM1877650,cancer
GSM1877651,cancer
GSM1877652,cancer
GSM1877653,cancer
GSM1877654,cancer
GSM1877655,cancer
GSM1877656,cancer
GSM1877657,cancer
GSM1877658,cancer
GSM1877659,cancer
GSM1877660,cancer
GSM1877661,cancer
GSM1877662,cancer
GSM1877663,cancer
GSM1877664,cancer
GSM1877665,cancer
GSM1877666,cancer
GSM1877667,cancer
GSM1877668,cancer
GSM1877669,cancer
GSM1877670,cancer
GSM1877671,cancer
GSM1877672,cancer
GSM1877673,cancer
GSM1877674,cancer
GSM1877675,cancer
GSM1877676,cancer
GSM1877677,cancer
GSM1877678,cancer
GSM1877679,cancer
GSM1877680,cancer
GSM1877681,cancer
GSM1877682,cancer
GSM1877683,cancer
GSM1877684,cancer
GSM1877685,cancer
GSM1877686,cancer
GSM1877687,cancer
GSM1877688,cancer
GSM1877689,cancer
GSM1877690,cancer
GSM1877691,cancer
GSM1877692,non_cancer
GSM1877693,non_cancer
GSM1877694,non_cancer
GSM1877695,non_cancer
GSM1877696,non_cancer
GSM1877697,non_cancer
GSM1877698,non_cancer
GSM1877699,non_cancer
GSM1877700,non_cancer
GSM1877701,non_cancer
GSM1877702,non_cancer
GSM1877703,non_cancer
GSM1877704,non_cancer
GSM1877705,non_cancer
GSM1877706,non_cancer
GSM1877707,non_cancer
GSM1877708,non_cancer
GSM1877709,non_cancer
GSM1877710,non_cancer
GSM1877711,non_cancer
GSM1877712,non_cancer
GSM1877713,non_cancer
GSM1877714,non_cancer
GSM1877715,non_cancer
GSM1877716,non_cancer
GSM1877717,non_cancer
GSM1877718,non_cancer
GSM1877719,non_cancer
GSM1877720,non_cancer
GSM1877721,non_cancer
GSM1877722,non_cancer
GSM1877723,non_cancer
GSM1877724,non_cancer
GSM1877725,non_cancer
GSM1877726,non_cancer
GSM1877727,non_cancer
GSM1877728,non_cancer
GSM1877729,non_cancer
GSM1877730,non_cancer
GSM1877731,non_cancer
GSM1877732,non_cancer
GSM1877733,non_cancer
GSM1877734,non_cancer
GSM1877735,non_cancer
GSM1877736,non_cancer
GSM1877737,non_cancer
GSM1877738,non_cancer
GSM1877739,non_cancer
GSM1877740,non_cancer
GSM1877741,non_cancer
GSM1877742,non_cancer
GSM1877743,non_cancer
GSM1877744,non_cancer
GSM1877745,non_cancer
GSM1877746,non_cancer
GSM1877747,non_cancer
GSM1877748,non_cancer
GSM1877749,non_cancer
GSM1877750,non_cancer
GSM1877751,non_cancer
GSM1877752,non_cancer
GSM1877753,non_cancer
GSM1877754,non_cancer
GSM1877755,non_cancer
GSM1877756,non_cancer
GSM1877757,non_cancer
GSM1877758,non_cancer
GSM1877759,non_cancer
GSM1877760,non_cancer
GSM1877761,non_cancer
GSM1877762,non_cancer
GSM1877764,non_cancer
GSM1877765,non_cancer
GSM1877766,non_cancer
GSM1877767,non_cancer
GSM1877768,non_cancer
GSM1877769,non_cancer
GSM1877770,non_cancer
GSM1877771,non_cancer
GSM1877772,non_cancer
GSM1877773,non_cancer
GSM1877774,non_cancer
GSM1877775,non_cancer
GSM1877776,non_cancer
GSM1877777,non_cancer
GSM1877778,non_cancer
GSM1877779,non_cancer
GSM1877780,non_cancer
GSM1877781,non_cancer
GSM1877782,non_cancer
GSM1877783,non_cancer
GSM1877784,non_cancer
GSM1877785,non_cancer
GSM1877786,non_cancer
GSM1877787,non_cancer
GSM1877788,non_cancer
GSM1877789,non_cancer
GSM1877790,non_cancer
GSM1877791,non_cancer
GSM1877792,non_cancer
GSM1877793,non_cancer
GSM1877794,non_cancer
GSM1877795,non_cancer
GSM1877796,non_cancer
GSM1877797,non_cancer
GSM1877798,non_cancer
GSM1877799,non_cancer
GSM1877800,non_cancer
GSM1877801,non_cancer
GSM1877802,non_cancer
GSM1877803,non_cancer
GSM1877804,non_cancer
GSM1877805,non_cancer
GSM1877806,non_cancer
GSM1877807,non_cancer
GSM1877808,non_cancer
GSM1877809,non_cancer
GSM1877810,non_cancer
GSM1877811,non_cancer
GSM1877812,non_cancer
GSM1877813,non_cancer
GSM1877814,non_cancer
GSM1877815,non_cancer
GSM1877816,non_cancer
GSM1877817,non_cancer
GSM1877818,non_cancer
GSM1877819,non_cancer
GSM1877820,non_cancer
GSM1877821,non_cancer
GSM1877822,non_cancer
GSM1877823,non_cancer
GSM1877824,non_cancer
GSM1877825,non_cancer
GSM1877826,non_cancer
GSM1877827,non_cancer
GSM1877828,non_cancer
GSM1877829,non_cancer
GSM1877830,non_cancer
GSM1877831,non_cancer
GSM1877832,non_cancer
GSM1877833,non_cancer
GSM1877834,non_cancer
GSM1877835,non_cancer
GSM1877836,non_cancer
GSM1877837,non_cancer
GSM1877838,non_cancer
GSM1877839,non_cancer
GSM1877840,non_cancer
GSM1877841,non_cancer
GSM1877842,non_cancer
GSM1877843,non_cancer
GSM1877844,non_cancer
GSM1877845,non_cancer
GSM1877846,non_cancer
GSM1877847,non_cancer
GSM1877848,non_cancer
GSM1877849,non_cancer
GSM1877850,non_cancer
GSM1877851,non_cancer
GSM1877852,non_cancer
GSM1877853,non_cancer
GSM1877854,non_cancer
GSM1877855,non_cancer
GSM1877856,non_cancer
GSM1877857,non_cancer
GSM1877858,non_cancer
GSM1877859,non_cancer
GSM1877860,non_cancer
GSM1877861,non_cancer
GSM1877862,non_cancer
GSM1877863,non_cancer
GSM1877864,non_cancer
GSM1877865,non_cancer
GSM1877866,non_cancer
GSM1877867,non_cancer
GSM1877868,non_cancer
GSM1877869,non_cancer
GSM1877870,non_cancer
GSM1877871,non_cancer
GSM1877872,non_cancer
GSM1877873,non_cancer
GSM1877874,non_cancer
GSM1877875,non_cancer
GSM1877876,non_cancer
GSM1877877,non_cancer
GSM1877878,non_cancer
GSM1877879,non_cancer
GSM1877880,non_cancer
GSM1877881,non_cancer
GSM1877882,non_cancer
GSM1877883,non_cancer
GSM1877884,non_cancer
GSM1877885,non_cancer
GSM1877886,non_cancer
GSM1877887,non_cancer
GSM1877888,non_cancer
GSM1877889,non_cancer
GSM1877890,non_cancer
GSM1877891,non_cancer
GSM1877892,non_cancer
GSM1877893,non_cancer
GSM1877894,non_cancer
GSM1877895,non_cancer
GSM1877896,non_cancer
GSM1877897,non_cancer
GSM1877898,non_cancer
GSM1877899,non_cancer
GSM1877900,non_cancer
GSM1877901,non_cancer
GSM1877902,non_cancer
GSM1877903,non_cancer
GSM1877904,non_cancer
GSM1877905,non_cancer
GSM1877906,non_cancer
GSM1877907,non_cancer
GSM1877908,non_cancer
GSM1877909,non_cancer
GSM1877910,non_cancer
GSM1877911,non_cancer
GSM1877912,non_cancer
GSM1877913,non_cancer
GSM1877914,non_cancer
GSM1877915,non_cancer
GSM1877916,non_cancer
GSM1877917,non_cancer
GSM1877918,non_cancer
GSM1877919,non_cancer
GSM1877920,non_cancer
GSM1877921,non_cancer
GSM1877922,non_cancer
GSM1877923,non_cancer
GSM1877924,non_cancer
GSM1877925,non_cancer
GSM1877926,non_cancer
GSM1877927,non_cancer
GSM1877928,non_cancer
GSM1877929,non_cancer
GSM1877930,non_cancer
GSM1877931,non_cancer
GSM1877932,non_cancer
GSM1877933,non_cancer
GSM1877934,non_cancer
GSM1877935,non_cancer
GSM1877936,non_cancer
GSM1877937,non_cancer
GSM1877938,non_cancer
GSM1877939,non_cancer
GSM1877940,non_cancer
GSM1877941,non_cancer
GSM1877942,non_cancer
GSM1877943,non_cancer
GSM1877944,non_cancer
GSM1877945,non_cancer
GSM1877946,non_cancer
GSM1877947,non_cancer
GSM1877948,non_cancer
GSM1877949,non_cancer
GSM1877950,non_cancer
GSM1877951,non_cancer
GSM1877952,non_cancer
GSM1877953,non_cancer
GSM1877954,non_cancer
GSM1877955,non_cancer
GSM1877956,non_cancer
GSM1877957,non_cancer
GSM1877958,non_cancer
GSM1877959,non_cancer
GSM1877960,non_cancer
GSM1877961,non_cancer
GSM1877962,non_cancer
GSM1877963,non_cancer
GSM1877964,non_cancer
GSM1877965,non_cancer
GSM1877966,non_cancer
GSM1877967,non_cancer
GSM1877968,non_cancer
GSM1877969,non_cancer
GSM1877970,non_cancer
GSM1877971,non_cancer
GSM1877972,non_cancer
GSM1877973,non_cancer
GSM1877974,non_cancer
GSM1877975,non_cancer
GSM1877976,non_cancer
GSM1877977,non_cancer
GSM1877978,non_cancer
GSM1877979,non_cancer
GSM1877980,non_cancer
GSM1877981,non_cancer
GSM1877982,non_cancer
GSM1877983,non_cancer
GSM1877984,non_cancer
GSM1877985,non_cancer
GSM1877986,non_cancer
GSM1877987,non_cancer
GSM1877988,non_cancer
GSM1877989,non_cancer
GSM1877990,non_cancer
GSM1877991,non_cancer
GSM1877992,non_cancer
GSM1877993,non_cancer
GSM1877994,non_cancer
GSM1877995,non_cancer
GSM1877996,non_cancer
GSM1877997,non_cancer
GSM1877998,non_cancer
GSM1877999,non_cancer
GSM1878000,non_cancer
GSM1878001,non_cancer
GSM1878002,non_cancer
GSM1878003,non_cancer
GSM1878004,non_cancer
GSM1878005,non_cancer
GSM1878006,non_cancer
GSM1878007,non_cancer
GSM1878008,non_cancer
GSM1878009,non_cancer
GSM1878010,non_cancer
GSM1878011,non_cancer
GSM1878012,non_cancer
GSM1878013,non_cancer
GSM1878014,non_cancer
GSM1878015,non_cancer
GSM1878016,non_cancer
GSM1878017,non_cancer
GSM1878018,non_cancer
GSM1878019,non_cancer
GSM1878020,non_cancer
GSM1878021,non_cancer
GSM1878022,non_cancer
GSM1878023,non_cancer
GSM1878024,non_cancer
GSM1878025,non_cancer
GSM1878026,non_cancer
GSM1878027,non_cancer
GSM1878028,non_cancer
GSM1878029,non_cancer
GSM1878030,non_cancer
GSM1878031,non_cancer
GSM1878032,non_cancer
GSM1878033,non_cancer
GSM1878034,non_cancer
GSM1878035,non_cancer
GSM1878036,non_cancer
GSM1878037,non_cancer
GSM1878038,non_cancer
GSM1878039,non_cancer
GSM1878040,non_cancer
GSM1878041,non_cancer
GSM1878042,non_cancer
GSM1878043,non_cancer
GSM1878044,non_cancer
GSM1878045,non_cancer
GSM1878046,non_cancer
GSM1878047,non_cancer
GSM1878048,non_cancer
GSM1878049,non_cancer
GSM1878050,non_cancer
GSM1878051,non_cancer
GSM1878052,non_cancer
GSM1878053,non_cancer
GSM1878054,non_cancer
GSM1878055,non_cancer
GSM1878056,non_cancer
GSM1878057,non_cancer
GSM1878058,non_cancer
GSM1878059,non_cancer
GSM1878060,non_cancer
GSM1878061,non_cancer
GSM1878062,non_cancer
GSM1878063,non_cancer
GSM1878064,non_cancer
GSM1878065,non_cancer
GSM1878066,non_cancer
GSM1878067,non_cancer
GSM1878068,non_cancer
GSM1878069,non_cancer
GSM1878070,non_cancer
GSM1878071,non_cancer
GSM1878072,non_cancer
GSM1878073,non_cancer
GSM1878074,non_cancer
GSM1878075,non_cancer
GSM1878076,non_cancer
GSM1878077,non_cancer
GSM1878078,non_cancer
GSM1878079,non_cancer
GSM1878080,non_cancer
GSM1878081,non_cancer
GSM1878082,non_cancer
GSM1878083,non_cancer
GSM1878084,non_cancer
GSM1878085,non_cancer
GSM1878086,non_cancer
GSM1878087,non_cancer
GSM1878088,non_cancer
GSM1878089,non_cancer
GSM1878090,non_cancer
GSM1878091,non_cancer
GSM1878092,non_cancer
GSM1878093,non_cancer
GSM1878094,non_cancer
GSM1878095,non_cancer
GSM1878096,non_cancer
GSM1878097,non_cancer
GSM1878098,non_cancer
GSM1878099,non_cancer
GSM1878100,non_cancer
GSM1878101,non_cancer
GSM1878102,non_cancer
GSM1878103,non_cancer
GSM1878104,non_cancer
GSM1878105,non_cancer
GSM1878106,non_cancer
GSM1878107,non_cancer
GSM1878108,non_cancer
GSM1878109,non_cancer
GSM1878110,non_cancer
GSM1878111,non_cancer
GSM1878112,non_cancer
GSM1878113,non_cancer
GSM1878114,non_cancer
GSM1878115,non_cancer
GSM1878116,non_cancer
GSM1878117,non_cancer
GSM1878118,non_cancer
GSM1878119,non_cancer
GSM1878120,non_cancer
GSM1878121,non_cancer
GSM1878122,non_cancer
GSM1878123,non_cancer
GSM1878124,non_cancer
GSM1878125,non_cancer
GSM1878126,non_cancer
GSM1878127,non_cancer
GSM1878128,non_cancer
GSM1878129,non_cancer
GSM1878130,non_cancer
GSM1878131,non_cancer
GSM1878132,non_cancer
GSM1878133,non_cancer
GSM1878134,non_cancer
GSM1878135,non_cancer
GSM1878136,non_cancer
GSM1878137,non_cancer
GSM1878138,non_cancer
GSM1878139,non_cancer
GSM1878140,non_cancer
GSM1878141,non_cancer
GSM1878142,non_cancer
GSM1878143,non_cancer
GSM1878144,non_cancer
GSM1878145,non_cancer
GSM1878146,non_cancer
GSM1878147,non_cancer
GSM1878148,non_cancer
GSM1878149,non_cancer
GSM1878150,non_cancer
GSM1878151,non_cancer
GSM1878152,non_cancer
GSM1878153,non_cancer
GSM1878154,non_cancer
GSM1878155,non_cancer
GSM1878156,non_cancer
GSM1878157,non_cancer
GSM1878158,non_cancer
GSM1878159,non_cancer
GSM1878160,non_cancer
GSM1878161,non_cancer
GSM1878162,non_cancer
GSM1878163,non_cancer
GSM1878164,non_cancer
GSM1878165,non_cancer
GSM1878166,non_cancer
GSM1878167,non_cancer
GSM1878168,non_cancer
GSM1878169,non_cancer
GSM1878170,non_cancer
GSM1878171,non_cancer
GSM1878172,non_cancer
GSM1878173,non_cancer
GSM1878174,non_cancer
GSM1878175,non_cancer
GSM1878176,non_cancer
GSM1878177,non_cancer
GSM1878178,non_cancer
GSM1878179,non_cancer
GSM1878180,non_cancer
GSM1878181,non_cancer
GSM1878182,non_cancer
GSM1878183,non_cancer
GSM1878184,non_cancer
GSM1878185,non_cancer
GSM1878186,non_cancer
GSM1878187,non_cancer
GSM1878188,non_cancer
GSM1878189,non_cancer
GSM1878190,non_cancer
GSM1878191,non_cancer
GSM1878192,non_cancer
GSM1878193,non_cancer
GSM1878194,non_cancer
GSM1878195,non_cancer
GSM1878196,non_cancer
GSM1878197,non_cancer
GSM1878198,non_cancer
GSM1878199,non_cancer
GSM1878200,non_cancer
GSM1878201,non_cancer
GSM1878202,non_cancer
GSM1878203,non_cancer
GSM1878204,non_cancer
GSM1878205,non_cancer
GSM1878206,non_cancer
GSM1878207,non_cancer
GSM1878208,non_cancer
GSM1878209,non_cancer
GSM1878210,non_cancer
GSM1878211,non_cancer
GSM1878212,non_cancer
GSM1878213,non_cancer
GSM1878214,non_cancer
GSM1878215,non_cancer
GSM1878216,non_cancer
GSM1878217,non_cancer
GSM1878218,non_cancer
GSM1878219,non_cancer
GSM1878220,non_cancer
GSM1878221,non_cancer
GSM1878222,non_cancer
GSM1878223,non_cancer
GSM1878224,non_cancer
GSM1878225,non_cancer
GSM1878226,non_cancer
GSM1878227,non_cancer
GSM1878228,non_cancer
GSM1878229,non_cancer
GSM1878230,non_cancer
GSM1878231,non_cancer
GSM1878232,non_cancer
GSM1878233,non_cancer
GSM1878234,non_cancer
GSM1878235,non_cancer
GSM1878236,non_cancer
GSM1878237,non_cancer
GSM1878238,non_cancer
GSM1878239,non_cancer
GSM1878240,non_cancer
GSM1878241,non_cancer
GSM1878242,non_cancer
GSM1878243,non_cancer
GSM1878244,non_cancer
GSM1878245,non_cancer
GSM1878246,non_cancer
GSM1878247,non_cancer
GSM1878248,non_cancer
GSM1878249,non_cancer
GSM1878250,non_cancer
GSM1878251,non_cancer
GSM1878252,non_cancer
GSM1878253,non_cancer
GSM1878254,non_cancer
GSM1878255,non_cancer
GSM1878256,non_cancer
GSM1878257,non_cancer
GSM1878258,non_cancer
GSM1878259,non_cancer
GSM1878260,non_cancer
GSM1878261,non_cancer
GSM1878262,non_cancer
GSM1878263,non_cancer
GSM1878264,non_cancer
GSM1878265,non_cancer
GSM1878266,non_cancer
GSM1878267,non_cancer
GSM1878268,non_cancer
GSM1878269,non_cancer
GSM1878270,non_cancer
GSM1878271,non_cancer
GSM1878272,non_cancer
GSM1878273,non_cancer
GSM1878274,non_cancer
GSM1878275,non_cancer
GSM1878276,non_cancer
GSM1878277,non_cancer
GSM1878278,non_cancer
GSM1878279,non_cancer
GSM1878280,non_cancer
GSM1878281,non_cancer
GSM1878282,non_cancer
GSM1878283,non_cancer
GSM1878284,non_cancer
GSM1878285,non_cancer
GSM1878286,non_cancer
GSM1878287,non_cancer
GSM1878288,non_cancer
GSM1878289,non_cancer
GSM1878290,non_cancer
GSM1878291,non_cancer
GSM1878292,non_cancer
GSM1878293,non_cancer
GSM1878294,non_cancer
GSM1878295,non_cancer
GSM1878296,non_cancer
GSM1878297,non_cancer
GSM1878298,non_cancer
GSM1878299,non_cancer
GSM1878300,non_cancer
GSM1878301,non_cancer
GSM1878302,non_cancer
GSM1878303,non_cancer
GSM1878304,non_cancer
GSM1878305,non_cancer
GSM1878306,non_cancer
GSM1878307,non_cancer
GSM1878308,non_cancer
GSM1878309,non_cancer
GSM1878310,non_cancer
GSM1878311,non_cancer
GSM1878312,non_cancer
GSM1878313,non_cancer
GSM1878314,non_cancer
GSM1878315,non_cancer
GSM1878316,non_cancer
GSM1878317,non_cancer
GSM1878318,non_cancer
GSM1878319,non_cancer
GSM1878320,non_cancer
GSM1878321,non_cancer
GSM1878322,non_cancer
GSM1878323,non_cancer
GSM1878324,non_cancer
GSM1878325,non_cancer
GSM1878326,non_cancer
GSM1878327,non_cancer
GSM1878328,non_cancer
GSM1878329,non_cancer
GSM1878330,non_cancer
GSM1878331,non_cancer
GSM1878332,non_cancer
GSM1878333,non_cancer
GSM1878334,non_cancer
GSM1878335,non_cancer
GSM1878336,non_cancer
GSM1878337,non_cancer
GSM1878338,non_cancer
GSM1878339,non_cancer
GSM1878340,non_cancer
GSM1878341,non_cancer
GSM1878342,non_cancer
GSM1878343,non_cancer
GSM1878344,non_cancer
GSM1878345,non_cancer
GSM1878346,non_cancer
GSM1878347,non_cancer
GSM1878348,non_cancer
GSM1878349,non_cancer
GSM1878350,non_cancer
GSM1878351,non_cancer
GSM1878352,non_cancer
GSM1878353,non_cancer
GSM1878354,non_cancer
GSM1878355,non_cancer
GSM1878356,non_cancer
GSM1878357,non_cancer
GSM1878358,non_cancer
GSM1878359,non_cancer
GSM1878360,non_cancer
GSM1878361,non_cancer
GSM1878362,non_cancer
GSM1878363,non_cancer
GSM1878364,non_cancer
GSM1878365,non_cancer
GSM1878366,non_cancer
GSM1878367,non_cancer
GSM1878368,non_cancer
GSM1878369,non_cancer
GSM1878370,non_cancer
GSM1878371,non_cancer
GSM1878372,non_cancer
GSM1878373,non_cancer
GSM1878374,non_cancer
GSM1878375,non_cancer
GSM1878376,non_cancer
GSM1878377,non_cancer
GSM1878378,non_cancer
GSM1878379,non_cancer
GSM1878380,non_cancer
GSM1878381,non_cancer
GSM1878382,non_cancer
GSM1878383,non_cancer
GSM1878384,non_cancer
GSM1878385,non_cancer
GSM1878386,non_cancer
GSM1878387,non_cancer
GSM1878388,non_cancer
GSM1878389,non_cancer
GSM1878390,non_cancer
GSM1878391,non_cancer
GSM1878392,non_cancer
GSM1878393,non_cancer
GSM1878394,non_cancer
GSM1878395,non_cancer
GSM1878396,non_cancer
GSM1878397,non_cancer
GSM1878398,non_cancer
GSM1878399,non_cancer
GSM1878400,non_cancer
GSM1878401,non_cancer
GSM1878402,non_cancer
GSM1878403,non_cancer
GSM1878404,non_cancer
GSM1878405,non_cancer
GSM1878406,non_cancer
GSM1878407,non_cancer
GSM1878408,non_cancer
GSM1878409,non_cancer
GSM1878410,non_cancer
GSM1878411,non_cancer
GSM1878412,non_cancer
GSM1878413,non_cancer
GSM1878414,non_cancer
GSM1878415,non_cancer
GSM1878416,non_cancer
GSM1878417,non_cancer
GSM1878418,non_cancer
GSM1878419,non_cancer
GSM1878420,non_cancer
GSM1878421,non_cancer
GSM1878422,non_cancer
GSM1878423,non_cancer
GSM1878424,non_cancer
GSM1878425,non_cancer
GSM1878426,non_cancer
GSM1878427,non_cancer
GSM1878428,non_cancer
GSM1878429,non_cancer
GSM1878430,non_cancer
GSM1878431,non_cancer
GSM1878432,non_cancer
GSM1878433,non_cancer
GSM1878434,non_cancer
GSM1878435,non_cancer
GSM1878436,non_cancer
GSM1878437,non_cancer
GSM1878438,non_cancer
GSM1878439,non_cancer
GSM1878440,non_cancer
GSM1878441,non_cancer
GSM1878442,non_cancer
GSM1878443,non_cancer
GSM1878444,non_cancer
GSM1878445,non_cancer
GSM1878446,non_cancer
GSM1878447,non_cancer
GSM1878448,non_cancer
GSM1878449,non_cancer
GSM1878450,non_cancer
GSM1878451,non_cancer
GSM1878452,non_cancer
GSM1878453,non_cancer
GSM1878454,non_cancer
GSM1878455,non_cancer
GSM1878456,non_cancer
GSM1878457,non_cancer
GSM1878458,non_cancer
GSM1878459,non_cancer
GSM1878460,non_cancer
GSM1878461,non_cancer
GSM1878462,non_cancer
GSM1878463,non_cancer
GSM1878464,non_cancer
GSM1878465,non_cancer
GSM1878466,non_cancer
GSM1878467,non_cancer
GSM1878468,non_cancer
GSM1878469,non_cancer
GSM1878470,non_cancer
GSM1878471,non_cancer
GSM1878472,non_cancer
GSM1878473,non_cancer
GSM1878474,non_cancer
GSM1878475,non_cancer
GSM1878476,non_cancer
GSM1878477,non_cancer
GSM1878478,non_cancer
GSM1878479,non_cancer
GSM1878480,non_cancer
GSM1878481,non_cancer
GSM1878482,non_cancer
GSM1878483,non_cancer
GSM1878484,non_cancer
GSM1878485,non_cancer
GSM1878486,non_cancer
GSM1878487,non_cancer
GSM1878488,non_cancer
GSM1878489,non_cancer
GSM1878490,non_cancer
GSM1878491,non_cancer
GSM1878492,non_cancer
GSM1878493,non_cancer
GSM1878494,non_cancer
GSM1878495,non_cancer
GSM1878496,non_cancer
GSM1878497,non_cancer
GSM1878498,non_cancer
GSM1878499,non_cancer
GSM1878500,non_cancer
GSM1878501,non_cancer
GSM1878502,non_cancer
GSM1878503,non_cancer
GSM1878504,non_cancer
GSM1878505,non_cancer
GSM1878506,non_cancer
GSM1878507,non_cancer
GSM1878508,non_cancer
GSM1878509,non_cancer
GSM1878510,non_cancer
GSM1878511,non_cancer
GSM1878512,non_cancer
GSM1878513,non_cancer
GSM1878514,non_cancer
GSM1878515,non_cancer
GSM1878516,non_cancer
GSM1878517,non_cancer
GSM1878518,non_cancer
GSM1878519,non_cancer
GSM1878520,non_cancer
GSM1878521,non_cancer
GSM1878522,non_cancer
GSM1878523,non_cancer
GSM1878524,non_cancer
GSM1878525,non_cancer
GSM1878526,non_cancer
GSM1878527,non_cancer
GSM1878528,non_cancer
GSM1878529,non_cancer
GSM1878530,non_cancer
GSM1878531,non_cancer
GSM1878532,non_cancer
GSM1878533,non_cancer
GSM1878534,non_cancer
GSM1878535,non_cancer
GSM1878536,non_cancer
GSM1878537,non_cancer
GSM1878538,non_cancer
GSM1878539,non_cancer
GSM1878540,non_cancer
GSM1878541,non_cancer
GSM1878542,non_cancer
GSM1878543,non_cancer
GSM1878544,non_cancer
GSM1878545,non_cancer
GSM1878546,non_cancer
GSM1878547,non_cancer
GSM1878548,non_cancer
GSM1878549,non_cancer
GSM1878550,non_cancer
GSM1878551,non_cancer
GSM1878552,non_cancer
GSM1878553,non_cancer
GSM1878554,non_cancer
GSM1878555,non_cancer
GSM1878556,non_cancer
GSM1878557,non_cancer
GSM1878558,non_cancer
GSM1878559,non_cancer
GSM1878560,non_cancer
GSM1878561,non_cancer
GSM1878562,non_cancer
GSM1878563,non_cancer
GSM1878564,non_cancer
GSM1878565,non_cancer
GSM1878566,non_cancer
GSM1878567,non_cancer
GSM1878568,non_cancer
GSM1878569,non_cancer
GSM1878570,non_cancer
GSM1878571,non_cancer
GSM1878572,non_cancer
GSM1878573,non_cancer
GSM1878574,non_cancer
GSM1878575,non_cancer
GSM1878576,non_cancer
GSM1878577,non_cancer
GSM1878578,non_cancer
GSM1878579,non_cancer
GSM1878580,non_cancer
GSM1878581,non_cancer
GSM1878582,non_cancer
GSM1878583,non_cancer
GSM1878584,non_cancer
GSM1878585,non_cancer
GSM1878586,non_cancer
GSM1878587,non_cancer
GSM1878588,non_cancer
GSM1878589,non_cancer
GSM1878590,non_cancer
GSM1878591,non_cancer
GSM1878592,non_cancer
GSM1878593,non_cancer
GSM1878594,non_cancer
GSM1878595,non_cancer
GSM1878596,non_cancer
GSM1878597,non_cancer
GSM1878598,non_cancer
GSM1878599,non_cancer
GSM1878600,non_cancer
GSM1878601,non_cancer
GSM1878602,non_cancer
GSM1878603,non_cancer
GSM1878604,non_cancer
GSM1878605,non_cancer
GSM1878606,non_cancer
GSM1878607,non_cancer
GSM1878608,non_cancer
GSM1878609,non_cancer
GSM1878610,non_cancer
GSM1878611,non_cancer
GSM1878612,non_cancer
GSM1878613,non_cancer
GSM1878614,non_cancer
GSM1878615,non_cancer
GSM1878616,non_cancer
GSM1878617,non_cancer
GSM1878618,non_cancer
GSM1878619,non_cancer
GSM1878620,non_cancer
GSM1878621,non_cancer
GSM1878622,non_cancer
GSM1878623,non_cancer
GSM1878624,non_cancer
GSM1878625,non_cancer
GSM1878626,non_cancer
GSM1878627,non_cancer
GSM1878628,non_cancer
GSM1878629,non_cancer
GSM1878630,non_cancer
GSM1878631,non_cancer
GSM1878632,non_cancer
GSM1878633,non_cancer
GSM1878634,non_cancer
GSM1878635,non_cancer
GSM1878636,non_cancer
GSM1878637,non_cancer
GSM1878638,non_cancer
GSM1878639,non_cancer
GSM1878640,non_cancer
GSM1878641,non_cancer
GSM1878642,non_cancer
GSM1878643,non_cancer
GSM1878644,non_cancer
GSM1878645,non_cancer
GSM1878646,non_cancer
GSM1878647,non_cancer
GSM1878648,non_cancer
GSM1878649,non_cancer
GSM1878650,non_cancer
GSM1878651,non_cancer
GSM1878652,non_cancer
GSM1878653,non_cancer
GSM1878654,non_cancer
GSM1878655,non_cancer
GSM1878656,non_cancer
GSM1878657,non_cancer
GSM1878658,non_cancer
GSM1878659,non_cancer
GSM1878660,non_cancer
GSM1878661,non_cancer
GSM1878662,non_cancer
GSM1878663,non_cancer
GSM1878664,non_cancer
GSM1878665,non_cancer
GSM1878666,non_cancer
GSM1878667,non_cancer
GSM1878668,non_cancer
GSM1878669,non_cancer
GSM1878670,non_cancer
GSM1878671,non_cancer
GSM1878672,non_cancer
GSM1878673,non_cancer
GSM1878674,non_cancer
GSM1878675,non_cancer
GSM1878676,non_cancer
GSM1878677,non_cancer
GSM1878678,non_cancer
GSM1878679,non_cancer
GSM1878680,non_cancer
GSM1878681,non_cancer
GSM1878682,non_cancer
GSM1878683,non_cancer
GSM1878684,non_cancer
GSM1878685,non_cancer
GSM1878686,non_cancer
GSM1878687,non_cancer
GSM1878688,non_cancer
GSM1878689,non_cancer
GSM1878690,non_cancer
GSM1878691,non_cancer
GSM1878692,non_cancer
GSM1878693,non_cancer
GSM1878694,non_cancer
GSM1878695,non_cancer
GSM1878696,non_cancer
GSM1878697,non_cancer
GSM1878698,non_cancer
GSM1878699,non_cancer
GSM1878700,non_cancer
GSM1878701,non_cancer
GSM1878702,non_cancer
GSM1878703,non_cancer
GSM1878704,non_cancer
GSM1878705,non_cancer
GSM1878706,non_cancer
GSM1878707,non_cancer
GSM1878708,non_cancer
GSM1878709,non_cancer
GSM1878710,non_cancer
GSM1878711,non_cancer
GSM1878712,non_cancer
GSM1878713,non_cancer
GSM1878714,non_cancer
GSM1878715,non_cancer
GSM1878716,non_cancer
GSM1878717,non_cancer
GSM1878718,non_cancer
GSM1878719,non_cancer
GSM1878720,non_cancer
GSM1878721,non_cancer
GSM1878722,non_cancer
GSM1878723,non_cancer
GSM1878724,non_cancer
GSM1878725,non_cancer
GSM1878726,non_cancer
GSM1878727,non_cancer
GSM1878728,non_cancer
GSM1878729,non_cancer
GSM1878730,non_cancer
GSM1878731,non_cancer
GSM1878732,non_cancer
GSM1878733,non_cancer
GSM1878734,non_cancer
GSM1878735,non_cancer
GSM1878736,non_cancer
GSM1878737,non_cancer
GSM1878738,non_cancer
GSM1878739,non_cancer
GSM1878740,non_cancer
GSM1878741,non_cancer
GSM1878742,non_cancer
GSM1878743,non_cancer
GSM1878744,non_cancer
GSM1878745,non_cancer
GSM1878746,non_cancer
GSM1878747,non_cancer
GSM1878748,non_cancer
GSM1878749,non_cancer
GSM1878750,non_cancer
GSM1878751,non_cancer
GSM1878752,non_cancer
GSM1878753,non_cancer
GSM1878754,non_cancer
GSM1878755,non_cancer
GSM1878756,non_cancer
GSM1878757,non_cancer
GSM1878758,non_cancer
GSM1878759,non_cancer
GSM1878760,non_cancer
GSM1878761,non_cancer
GSM1878762,non_cancer
GSM1878763,non_cancer
GSM1878764,non_cancer
GSM1878765,non_cancer
GSM1878766,non_cancer
GSM1878767,non_cancer
GSM1878768,non_cancer
GSM1878769,non_cancer
GSM1878770,non_cancer
GSM1878771,non_cancer
GSM1878772,non_cancer
GSM1878773,non_cancer
GSM1878774,non_cancer
GSM1878775,non_cancer
GSM1878776,non_cancer
GSM1878777,non_cancer
GSM1878778,non_cancer
GSM1878779,non_cancer
GSM1878780,non_cancer
GSM1878781,non_cancer
GSM1878782,non_cancer
GSM1878783,non_cancer
GSM1878784,non_cancer
GSM1878785,non_cancer
GSM1878786,non_cancer
GSM1878787,non_cancer
GSM1878788,non_cancer
GSM1878789,non_cancer
GSM1878790,non_cancer
GSM1878791,non_cancer
GSM1878792,non_cancer
GSM1878793,non_cancer
GSM1878794,non_cancer
GSM1878795,non_cancer
GSM1878796,non_cancer
GSM1878797,non_cancer
GSM1878798,non_cancer
GSM1878799,non_cancer
GSM1878800,non_cancer
GSM1878801,non_cancer
GSM1878802,non_cancer
GSM1878803,non_cancer
GSM1878804,non_cancer
GSM1878805,non_cancer
GSM1878806,non_cancer
GSM1878807,non_cancer
GSM1878808,non_cancer
GSM1878809,non_cancer
GSM1878810,non_cancer
GSM1878811,non_cancer
GSM1878812,non_cancer
GSM1878813,non_cancer
GSM1878814,non_cancer
GSM1878815,non_cancer
GSM1878816,non_cancer
GSM1878817,non_cancer
GSM1878818,non_cancer
GSM1878819,non_cancer
GSM1878820,non_cancer
GSM1878821,non_cancer
GSM1878822,non_cancer
GSM1878823,non_cancer
GSM1878824,non_cancer
GSM1878825,non_cancer
GSM1878826,non_cancer
GSM1878827,non_cancer
GSM1878828,non_cancer
GSM1878829,non_cancer
GSM1878830,non_cancer
GSM1878831,non_cancer
GSM1878832,non_cancer
GSM1878833,non_cancer
GSM1878834,non_cancer
GSM1878835,non_cancer
GSM1878836,non_cancer
GSM1878837,non_cancer
GSM1878838,non_cancer
GSM1878839,non_cancer
GSM1878840,non_cancer
GSM1878841,non_cancer
GSM1878842,non_cancer
GSM1878843,non_cancer
GSM1878844,non_cancer
GSM1878845,non_cancer
GSM1878846,non_cancer
GSM1878847,non_cancer
GSM1878848,non_cancer
GSM1878849,non_cancer
GSM1878850,non_cancer
GSM1878851,non_cancer
GSM1878852,non_cancer
GSM1878853,non_cancer
GSM1878854,non_cancer
GSM1878855,non_cancer
GSM1878856,non_cancer
GSM1878857,non_cancer
GSM1878858,non_cancer
GSM1878859,non_cancer
GSM1878860,non_cancer
GSM1878861,non_cancer
GSM1878862,non_cancer
GSM1878863,non_cancer
GSM1878864,non_cancer
GSM1878865,non_cancer
GSM1878866,non_cancer
GSM1878867,non_cancer
GSM1878868,non_cancer
GSM1878869,non_cancer
GSM1878870,non_cancer
GSM1878871,non_cancer
GSM1878872,non_cancer
GSM1878873,non_cancer
GSM1878874,non_cancer
GSM1878875,non_cancer
GSM1878876,non_cancer
GSM1878877,non_cancer
GSM1878878,non_cancer
GSM1878879,non_cancer
GSM1878880,non_cancer
GSM1878881,non_cancer
GSM1878882,non_cancer
GSM1878883,non_cancer
GSM1878884,non_cancer
GSM1878885,non_cancer
GSM1878886,non_cancer
GSM1878887,non_cancer
GSM1878888,non_cancer
GSM1878889,non_cancer
GSM1878890,non_cancer
GSM1878891,non_cancer
GSM1878892,non_cancer
GSM1878893,non_cancer
GSM1878894,non_cancer
GSM1878895,non_cancer
GSM1878896,non_cancer
GSM1878897,non_cancer
GSM1878898,non_cancer
GSM1878899,non_cancer
GSM1878900,non_cancer
GSM1878901,non_cancer
GSM1878902,non_cancer
GSM1878903,non_cancer
GSM1878904,non_cancer
GSM1878905,non_cancer
GSM1878906,non_cancer
GSM1878907,non_cancer
GSM1878908,non_cancer
GSM1878909,non_cancer
GSM1878910,non_cancer
GSM1878911,non_cancer
GSM1878912,non_cancer
GSM1878913,non_cancer
GSM1878914,non_cancer
GSM1878915,non_cancer
GSM1878916,non_cancer
GSM1878917,non_cancer
GSM1878918,non_cancer
GSM1878919,non_cancer
GSM1878920,non_cancer
GSM1878921,non_cancer
GSM1878922,non_cancer
GSM1878923,non_cancer
GSM1878924,non_cancer
GSM1878925,non_cancer
GSM1878926,non_cancer
GSM1878927,non_cancer
GSM1878928,non_cancer
GSM1878929,non_cancer
GSM1878930,non_cancer
GSM1878931,non_cancer
GSM1878932,non_cancer
GSM1878933,non_cancer
GSM1878934,non_cancer
GSM1878935,non_cancer
GSM1878936,non_cancer
GSM1878937,non_cancer
GSM1878938,non_cancer
GSM1878939,non_cancer
GSM1878940,non_cancer
GSM1878941,non_cancer
GSM1878942,non_cancer
GSM1878943,non_cancer
GSM1878944,non_cancer
GSM1878945,non_cancer
GSM1878946,non_cancer
GSM1878947,non_cancer
GSM1878948,non_cancer
GSM1878949,non_cancer
GSM1878950,non_cancer
GSM1878951,non_cancer
GSM1878952,non_cancer
GSM1878953,non_cancer
GSM1878954,non_cancer
GSM1878955,non_cancer
GSM1878956,non_cancer
GSM1878957,non_cancer
GSM1878958,non_cancer
GSM1878959,non_cancer
GSM1878960,non_cancer
GSM1878961,non_cancer
GSM1878962,non_cancer
GSM1878963,non_cancer
GSM1878964,non_cancer
GSM1878965,non_cancer
GSM1878966,non_cancer
GSM1878967,non_cancer
GSM1878968,non_cancer
GSM1878969,non_cancer
GSM1878970,non_cancer
GSM1878971,non_cancer
GSM1878972,non_cancer
GSM1878973,non_cancer
GSM1878974,non_cancer
GSM1878975,non_cancer
GSM1878976,non_cancer
GSM1878977,non_cancer
GSM1878978,non_cancer
GSM1878979,non_cancer
GSM1878980,non_cancer
GSM1878981,non_cancer
GSM1878982,non_cancer
GSM1878983,non_cancer
GSM1878984,non_cancer
GSM1878985,non_cancer
GSM1878986,non_cancer
GSM1878987,non_cancer
GSM1878988,non_cancer
GSM1878989,non_cancer
GSM1878990,non_cancer
GSM1878991,non_cancer
GSM1878992,non_cancer
GSM1878993,non_cancer
GSM1878994,non_cancer
GSM1878995,non_cancer
GSM1878996,non_cancer
GSM1878997,non_cancer
GSM1878998,non_cancer
GSM1878999,non_cancer
GSM1879000,non_cancer
GSM1879001,non_cancer
GSM1879002,non_cancer
GSM1879003,non_cancer
GSM1879004,non_cancer
GSM1879005,non_cancer
GSM1879006,non_cancer
GSM1879007,non_cancer
GSM1879008,non_cancer
GSM1879009,non_cancer
GSM1879010,non_cancer
GSM1879011,non_cancer
GSM1879012,non_cancer
GSM1879013,non_cancer
GSM1879014,non_cancer
GSM1879015,non_cancer
GSM1879016,non_cancer
GSM1879017,non_cancer
GSM1879018,non_cancer
GSM1879019,non_cancer
GSM1879020,non_cancer
GSM1879021,non_cancer
GSM1879022,non_cancer
GSM1879023,non_cancer
GSM1879024,non_cancer
GSM1879025,non_cancer
GSM1879026,non_cancer
GSM1879027,non_cancer
GSM1879028,non_cancer
GSM1879029,non_cancer
GSM1879030,non_cancer
GSM1879031,non_cancer
GSM1879032,non_cancer
GSM1879033,non_cancer
GSM1879034,non_cancer
GSM1879035,non_cancer
GSM1879036,non_cancer
GSM1879037,non_cancer
GSM1879038,non_cancer
GSM1879039,non_cancer
GSM1879040,non_cancer
GSM1879041,non_cancer
GSM1879042,non_cancer
GSM1879043,non_cancer
GSM1879044,non_cancer
GSM1879045,non_cancer
GSM1879046,non_cancer
GSM1879047,non_cancer
GSM1879048,non_cancer
GSM1879049,non_cancer
GSM1879050,non_cancer
GSM1879051,non_cancer
GSM1879052,non_cancer
GSM1879053,non_cancer
GSM1879054,non_cancer
GSM1879055,non_cancer
GSM1879056,non_cancer
GSM1879057,non_cancer
GSM1879058,non_cancer
GSM1879059,non_cancer
GSM1879060,non_cancer
GSM1879061,non_cancer
GSM1879062,non_cancer
GSM1879063,non_cancer
GSM1879064,non_cancer
GSM1879065,non_cancer
GSM1879066,non_cancer
GSM1879067,non_cancer
GSM1879068,non_cancer
GSM1879069,non_cancer
GSM1879070,non_cancer
GSM1879071,non_cancer
GSM1879072,non_cancer
GSM1879074,non_cancer
GSM1879075,non_cancer
GSM1879076,non_cancer
GSM1879077,non_cancer
GSM1879078,non_cancer
GSM1879079,non_cancer
GSM1879080,non_cancer
GSM1879081,non_cancer
GSM1879082,non_cancer
GSM1879083,non_cancer
GSM1879084,non_cancer
GSM1879085,non_cancer
GSM1879086,non_cancer
GSM1879087,non_cancer
GSM1879088,non_cancer
GSM1879089,non_cancer
GSM1879090,non_cancer
GSM1879091,non_cancer
GSM1879092,non_cancer
GSM1879093,non_cancer
GSM1879094,non_cancer
GSM1879095,non_cancer
GSM1879096,non_cancer
GSM1879097,non_cancer
GSM1879098,non_cancer
GSM1879099,non_cancer
GSM1879100,non_cancer
GSM1879101,non_cancer
GSM1879102,non_cancer
GSM1879103,non_cancer
GSM1879104,non_cancer
GSM1879105,non_cancer
GSM1879106,non_cancer
GSM1879107,non_cancer
GSM1879108,non_cancer
GSM1879109,non_cancer
GSM1879110,non_cancer
GSM1879111,non_cancer
GSM1879112,non_cancer
GSM1879113,non_cancer
GSM1879114,non_cancer
GSM1879115,non_cancer
GSM1879116,non_cancer
GSM1879117,non_cancer
GSM1879118,non_cancer
GSM1879119,non_cancer
GSM1879120,non_cancer
GSM1879121,non_cancer
GSM1879122,non_cancer
GSM1879123,non_cancer
GSM1879124,non_cancer
GSM1879125,non_cancer
GSM1879126,non_cancer
GSM1879127,non_cancer
GSM1879128,non_cancer
GSM1879129,non_cancer
GSM1879130,non_cancer
GSM1879131,non_cancer
GSM1879132,non_cancer
GSM1879133,non_cancer
GSM1879134,non_cancer
GSM1879135,non_cancer
GSM1879136,non_cancer
GSM1879137,non_cancer
GSM1879138,non_cancer
GSM1879139,non_cancer
GSM1879140,non_cancer
GSM1879141,non_cancer
GSM1879142,non_cancer
GSM1879143,non_cancer
GSM1879144,non_cancer
GSM1879145,non_cancer
GSM1879146,non_cancer
GSM1879147,non_cancer
GSM1879148,non_cancer
GSM1879149,non_cancer
GSM1879150,non_cancer
GSM1879151,non_cancer
GSM1879152,non_cancer
GSM1879153,non_cancer
GSM1879154,non_cancer
GSM1879155,non_cancer
GSM1879156,non_cancer
GSM1879157,non_cancer
GSM1879158,non_cancer
GSM1879159,non_cancer
GSM1879160,non_cancer
GSM1879161,non_cancer
GSM1879162,non_cancer
GSM1879163,non_cancer
GSM1879164,non_cancer
GSM1879165,non_cancer
GSM1879166,non_cancer
GSM1879167,non_cancer
GSM1879168,non_cancer
GSM1879169,non_cancer
GSM1879170,non_cancer
GSM1879171,non_cancer
GSM1879172,non_cancer
GSM1879173,non_cancer
GSM1879174,non_cancer
GSM1879175,non_cancer
GSM1879176,non_cancer
GSM1879177,non_cancer
GSM1879178,non_cancer
GSM1879179,non_cancer
GSM1879180,non_cancer
GSM1879181,non_cancer
GSM1879182,non_cancer
GSM1879183,non_cancer
GSM1879184,non_cancer
GSM1879185,non_cancer
GSM1879186,non_cancer
GSM1879187,non_cancer
GSM1879188,non_cancer
GSM1879189,non_cancer
GSM1879190,non_cancer
GSM1879191,non_cancer
GSM1879192,non_cancer
GSM1879193,non_cancer
GSM1879194,non_cancer
GSM1879195,non_cancer
GSM1879196,non_cancer
GSM1879197,non_cancer
GSM1879198,non_cancer
GSM1879199,non_cancer
GSM1879200,non_cancer
GSM1879201,non_cancer
GSM1879202,non_cancer
GSM1879203,non_cancer
GSM1879204,non_cancer
GSM1879205,non_cancer
GSM1879206,non_cancer
GSM1879207,non_cancer
GSM1879208,non_cancer
GSM1879209,non_cancer
GSM1879210,non_cancer
GSM1879211,non_cancer
GSM1879212,non_cancer
GSM1879213,non_cancer
GSM1879214,non_cancer
GSM1879215,non_cancer
GSM1879216,non_cancer
GSM1879217,non_cancer
GSM1879218,non_cancer
GSM1879219,non_cancer
GSM1879220,non_cancer
GSM1879221,non_cancer
GSM1879222,non_cancer
GSM1879223,non_cancer
GSM1879224,non_cancer
GSM1879225,non_cancer
GSM1879226,non_cancer
GSM1879227,non_cancer
GSM1879228,non_cancer
GSM1879229,non_cancer
GSM1879230,non_cancer
GSM1879231,non_cancer
GSM1879232,non_cancer
GSM1879233,non_cancer
GSM1879234,non_cancer
GSM1879235,non_cancer
GSM1879236,non_cancer
GSM1879237,non_cancer
GSM1879238,non_cancer
GSM1879239,non_cancer
GSM1879240,non_cancer
GSM1879241,non_cancer
GSM1879242,non_cancer
GSM1879243,non_cancer
GSM1879244,non_cancer
GSM1879245,non_cancer
GSM1879246,non_cancer
GSM1879247,non_cancer
GSM1879248,non_cancer
GSM1879249,non_cancer
GSM1879250,non_cancer
GSM1879251,non_cancer
GSM1879252,non_cancer
GSM1879253,non_cancer
GSM1879254,non_cancer
GSM1879255,non_cancer
GSM1879256,non_cancer
GSM1879257,non_cancer
GSM1879258,non_cancer
GSM1879259,non_cancer
GSM1879260,non_cancer
GSM1879261,non_cancer
GSM1879262,non_cancer
GSM1879263,non_cancer
GSM1879264,non_cancer
GSM1879265,non_cancer
GSM1879266,non_cancer
GSM1879267,non_cancer
GSM1879268,non_cancer
GSM1879269,non_cancer
GSM1879270,non_cancer
GSM1879271,non_cancer
GSM1879272,non_cancer
GSM1879273,non_cancer
GSM1879274,non_cancer
GSM1879275,non_cancer
GSM1879276,non_cancer
GSM1879277,non_cancer
GSM1879278,non_cancer
GSM1879279,non_cancer
GSM1879280,non_cancer
GSM1879281,non_cancer
GSM1879282,non_cancer
GSM1879283,non_cancer
GSM1879284,non_cancer
GSM1879285,non_cancer
GSM1879286,non_cancer
GSM1879287,non_cancer
GSM1879288,non_cancer
GSM1879289,non_cancer
GSM1879290,non_cancer
GSM1879291,non_cancer
GSM1879292,non_cancer
GSM1879293,non_cancer
GSM1879294,non_cancer
GSM1879295,non_cancer
GSM1879296,non_cancer
GSM1879297,non_cancer
GSM1879298,non_cancer
GSM1879299,non_cancer
GSM1879300,non_cancer
GSM1879301,non_cancer
GSM1879302,non_cancer
GSM1879303,non_cancer
GSM1879304,non_cancer
GSM1879305,non_cancer
GSM1879306,non_cancer
GSM1879307,non_cancer
GSM1879308,non_cancer
GSM1879309,non_cancer
GSM1879310,non_cancer
GSM1879311,non_cancer
GSM1879312,non_cancer
GSM1879313,non_cancer
GSM1879314,non_cancer
GSM1879315,non_cancer
GSM1879316,non_cancer
GSM1879317,non_cancer
GSM1879318,non_cancer
GSM1879319,non_cancer
GSM1879320,non_cancer
GSM1879321,non_cancer
GSM1879322,non_cancer
GSM1879323,non_cancer
GSM1879324,non_cancer
GSM1879325,non_cancer
GSM1879326,non_cancer
GSM1879327,non_cancer
GSM1879328,non_cancer
GSM1879329,non_cancer
GSM1879330,non_cancer
GSM1879331,non_cancer
GSM1879332,non_cancer
GSM1879333,non_cancer
GSM1879334,non_cancer
GSM1879335,non_cancer
GSM1879336,non_cancer
GSM1879337,non_cancer
GSM1879338,non_cancer
GSM1879339,non_cancer
GSM1879340,non_cancer
GSM1879341,non_cancer
GSM1879342,non_cancer
GSM1879343,non_cancer
GSM1879344,non_cancer
GSM1879345,non_cancer
GSM1879346,non_cancer
GSM1879347,non_cancer
GSM1879348,non_cancer
GSM1879349,non_cancer
GSM1879350,non_cancer
GSM1879351,non_cancer
GSM1879352,non_cancer
GSM1879353,non_cancer
GSM1879354,non_cancer
GSM1879355,non_cancer
GSM1879356,non_cancer
GSM1879357,non_cancer
GSM1879358,non_cancer
GSM1879359,non_cancer
GSM1879360,non_cancer
GSM1879361,non_cancer
GSM1879362,non_cancer
GSM1879363,non_cancer
GSM1879364,non_cancer
GSM1879365,non_cancer
GSM1879366,non_cancer
GSM1879367,non_cancer
GSM1879368,non_cancer
GSM1879369,non_cancer
GSM1879370,non_cancer
GSM1879371,non_cancer
GSM1879372,non_cancer
GSM1879373,non_cancer
GSM1879374,non_cancer
GSM1879375,non_cancer
GSM1879376,non_cancer
GSM1879377,non_cancer
GSM1879378,non_cancer
GSM1879379,non_cancer
GSM1879380,non_cancer
GSM1879381,non_cancer
GSM1879382,non_cancer
GSM1879383,non_cancer
GSM1879384,non_cancer
GSM1879385,non_cancer
GSM1879386,non_cancer
GSM1879387,non_cancer
GSM1879388,non_cancer
GSM1879389,non_cancer
GSM1879390,non_cancer
GSM1879391,non_cancer
GSM1879392,non_cancer
GSM1879393,non_cancer
GSM1879394,non_cancer
GSM1879395,non_cancer
GSM1879396,non_cancer
GSM1879397,non_cancer
GSM1879398,non_cancer
GSM1879399,non_cancer
GSM1879400,non_cancer
GSM1879401,non_cancer
GSM1879402,non_cancer
GSM1879403,non_cancer
GSM1879404,non_cancer
GSM1879405,non_cancer
GSM1879406,non_cancer
GSM1879407,non_cancer
GSM1879408,non_cancer
GSM1879409,non_cancer
GSM1879410,non_cancer
GSM1879411,non_cancer
GSM1879412,non_cancer
GSM1879413,non_cancer
GSM1879414,non_cancer
GSM1879415,non_cancer
GSM1879416,non_cancer
GSM1879417,non_cancer
GSM1879418,non_cancer
GSM1879419,non_cancer
GSM1879420,non_cancer
GSM1879421,non_cancer
GSM1879422,non_cancer
GSM1879423,non_cancer
GSM1879424,non_cancer
GSM1879425,non_cancer
GSM1879426,non_cancer
GSM1879427,non_cancer
GSM1879428,non_cancer
GSM1879429,non_cancer
GSM1879430,non_cancer
GSM1879431,non_cancer
GSM1879432,non_cancer
GSM1879433,non_cancer
GSM1879434,non_cancer
GSM1879435,non_cancer
GSM1879436,non_cancer
GSM1879437,non_cancer
GSM1879438,non_cancer
GSM1879439,non_cancer
GSM1879440,non_cancer
GSM1879441,non_cancer
GSM1879442,non_cancer
GSM1879443,non_cancer
GSM1879444,non_cancer
GSM1879445,non_cancer
GSM1879446,non_cancer
GSM1879447,non_cancer
GSM1879448,non_cancer
GSM1879449,non_cancer
GSM1879450,non_cancer
GSM1879451,non_cancer
GSM1879452,non_cancer
GSM1879453,non_cancer
GSM1879454,non_cancer
GSM1879455,non_cancer
GSM1879456,non_cancer
GSM1879457,non_cancer
GSM1879458,non_cancer
GSM1879459,non_cancer
GSM1879460,non_cancer
GSM1879461,non_cancer
GSM1879462,non_cancer
GSM1879463,non_cancer
GSM1879464,non_cancer
GSM1879465,non_cancer
GSM1879466,non_cancer
GSM1879467,non_cancer
GSM1879468,non_cancer
GSM1879469,non_cancer
GSM1879470,non_cancer
GSM1879471,non_cancer
GSM1879472,non_cancer
GSM1879473,non_cancer
GSM1879474,non_cancer
GSM1879475,non_cancer
GSM1879476,non_cancer
GSM1879477,non_cancer
GSM1879478,non_cancer
GSM1879479,non_cancer
GSM1879480,non_cancer
GSM1879481,non_cancer
GSM1879482,non_cancer
GSM1879483,non_cancer
GSM1879484,non_cancer
GSM1879485,non_cancer
GSM1879486,non_cancer
GSM1879487,non_cancer
GSM1879488,non_cancer
GSM1879489,non_cancer
GSM1879490,non_cancer
GSM1879491,non_cancer
GSM1879492,non_cancer
GSM1879493,non_cancer
GSM1879494,non_cancer
GSM1879495,non_cancer
GSM1879496,non_cancer
GSM1879497,non_cancer
GSM1879498,non_cancer
GSM1879499,non_cancer
GSM1879500,non_cancer
GSM1879501,non_cancer
GSM1879502,non_cancer
GSM1879503,non_cancer
GSM1879504,non_cancer
GSM1879505,non_cancer
GSM1879506,non_cancer
GSM1879507,non_cancer
GSM1879508,non_cancer
GSM1879509,non_cancer
GSM1879510,non_cancer
GSM1879511,non_cancer
GSM1879512,non_cancer
GSM1879513,non_cancer
GSM1879514,non_cancer
GSM1879515,non_cancer
GSM1879516,non_cancer
GSM1879517,non_cancer
GSM1879518,non_cancer
GSM1879519,non_cancer
GSM1879520,non_cancer
GSM1879521,non_cancer
GSM1879522,non_cancer
GSM1879523,non_cancer
GSM1879524,non_cancer
GSM1879525,non_cancer
GSM1879526,non_cancer
GSM1879527,non_cancer
GSM1879528,non_cancer
GSM1879529,non_cancer
GSM1879530,non_cancer
GSM1879531,non_cancer
GSM1879532,non_cancer
GSM1879533,non_cancer
GSM1879534,non_cancer
GSM1879535,non_cancer
GSM1879536,non_cancer
GSM1879537,non_cancer
GSM1879538,non_cancer
GSM1879539,non_cancer
GSM1879540,non_cancer
GSM1879541,non_cancer
GSM1879542,non_cancer
GSM1879543,non_cancer
GSM1879544,non_cancer
GSM1879545,non_cancer
GSM1879546,non_cancer
GSM1879547,non_cancer
GSM1879548,non_cancer
GSM1879549,non_cancer
GSM1879550,non_cancer
GSM1879551,non_cancer
GSM1879552,non_cancer
GSM1879553,non_cancer
GSM1879554,non_cancer
GSM1879555,non_cancer
GSM1879556,non_cancer
GSM1879557,non_cancer
GSM1879558,non_cancer
GSM1879559,non_cancer
GSM1879560,non_cancer
GSM1879561,non_cancer
GSM1879562,non_cancer
GSM1879563,non_cancer
GSM1879564,non_cancer
GSM1879565,non_cancer
GSM1879566,non_cancer
GSM1879567,non_cancer
GSM1879568,non_cancer
GSM1879569,non_cancer
GSM1879570,non_cancer
GSM1879571,non_cancer
GSM1879572,non_cancer
GSM1879573,non_cancer
GSM1879574,non_cancer
GSM1879575,non_cancer
GSM1879576,non_cancer
GSM1879577,non_cancer
GSM1879578,non_cancer
GSM1879579,non_cancer
GSM1879580,non_cancer
GSM1879581,non_cancer
GSM1879582,non_cancer
GSM1879583,non_cancer
GSM1879584,non_cancer
GSM1879585,non_cancer
GSM1879586,non_cancer
GSM1879587,non_cancer
GSM1879588,non_cancer
GSM1879589,non_cancer
GSM1879590,non_cancer
GSM1879591,non_cancer
GSM1879592,non_cancer
GSM1879593,non_cancer
GSM1879594,non_cancer
GSM1879595,non_cancer
GSM1879596,non_cancer
GSM1879597,non_cancer
GSM1879598,non_cancer
GSM1879599,non_cancer
GSM1879600,non_cancer
GSM1879601,non_cancer
GSM1879602,non_cancer
GSM1879603,non_cancer
GSM1879604,non_cancer
GSM1879605,non_cancer
GSM1879606,non_cancer
GSM1879607,non_cancer
GSM1879608,non_cancer
GSM1879609,non_cancer
GSM1879610,non_cancer
GSM1879611,non_cancer
GSM1879612,non_cancer
GSM1879613,non_cancer
GSM1879614,non_cancer
GSM1879615,non_cancer
GSM1879616,non_cancer
GSM1879617,non_cancer
GSM1879618,non_cancer
GSM1879619,non_cancer
GSM1879620,non_cancer
GSM1879621,non_cancer
GSM1879622,non_cancer
GSM1879623,non_cancer
GSM1879624,non_cancer
GSM1879625,non_cancer
GSM1879626,non_cancer
GSM1879627,non_cancer
GSM1879628,non_cancer
GSM1879629,non_cancer
GSM1879630,non_cancer
GSM1879631,non_cancer
GSM1879632,non_cancer
GSM1879633,non_cancer
GSM1879634,non_cancer
GSM1879635,non_cancer
GSM1879636,non_cancer
GSM1879637,non_cancer
GSM1879638,non_cancer
GSM1879639,non_cancer
GSM1879640,non_cancer
GSM1879641,non_cancer
GSM1879642,non_cancer
GSM1879643,non_cancer
GSM1879644,non_cancer
GSM1879645,non_cancer
GSM1879646,non_cancer
GSM1879647,non_cancer
GSM1879648,non_cancer
GSM1879649,non_cancer
GSM1879650,non_cancer
GSM1879651,non_cancer
GSM1879652,non_cancer
GSM1879653,non_cancer
GSM1879654,non_cancer
GSM1879655,non_cancer
GSM1879656,non_cancer
GSM1879657,non_cancer
GSM1879658,non_cancer
GSM1879659,non_cancer
GSM1879660,non_cancer
GSM1879661,non_cancer
GSM1879662,non_cancer
GSM1879663,non_cancer
GSM1879664,non_cancer
GSM1879665,non_cancer
GSM1879666,non_cancer
GSM1879667,non_cancer
GSM1879668,non_cancer
GSM1879669,non_cancer
GSM1879670,non_cancer
GSM1879671,non_cancer
GSM1879672,non_cancer
GSM1879673,non_cancer
GSM1879674,non_cancer
GSM1879675,non_cancer
GSM1879676,non_cancer
GSM1879677,non_cancer
GSM1879678,non_cancer
GSM1879679,non_cancer
GSM1879680,non_cancer
GSM1879681,non_cancer
GSM1879682,non_cancer
GSM1879683,non_cancer
GSM1879684,non_cancer
GSM1879685,non_cancer
GSM1879686,non_cancer
GSM1879687,non_cancer
GSM1879688,non_cancer
GSM1879689,non_cancer
GSM1879690,non_cancer
GSM1879691,non_cancer
GSM1879692,non_cancer
GSM1879693,non_cancer
GSM1879694,non_cancer
GSM1879695,non_cancer
GSM1879696,non_cancer
GSM1879697,non_cancer
GSM1879698,non_cancer
GSM1879699,non_cancer
GSM1879700,non_cancer
GSM1879701,non_cancer
GSM1879702,non_cancer
GSM1879703,non_cancer
GSM1879704,non_cancer
GSM1879705,non_cancer
GSM1879706,non_cancer
GSM1879707,non_cancer
GSM1879708,non_cancer
GSM1879709,non_cancer
GSM1879710,non_cancer
GSM1879711,non_cancer
GSM1879712,non_cancer
GSM1879713,non_cancer
GSM1879714,non_cancer
GSM1879715,non_cancer
GSM1879716,non_cancer
GSM1879717,non_cancer
GSM1879718,non_cancer
GSM1879719,non_cancer
GSM1879720,non_cancer
GSM1879721,non_cancer
GSM1879722,non_cancer
GSM1879723,non_cancer
GSM1879724,non_cancer
GSM1879725,non_cancer
GSM1879726,non_cancer
GSM1879727,non_cancer
GSM1879728,non_cancer
GSM1879729,non_cancer
GSM1879730,non_cancer
GSM1879731,non_cancer
GSM1879732,non_cancer
GSM1879733,non_cancer
GSM1879734,non_cancer
GSM1879735,non_cancer
GSM1879736,non_cancer
GSM1879737,non_cancer
GSM1879738,non_cancer
GSM1879739,non_cancer
GSM1879740,non_cancer
GSM1879741,non_cancer
GSM1879742,non_cancer
GSM1879743,non_cancer
GSM1879744,non_cancer
GSM1879745,non_cancer
GSM1879746,non_cancer
GSM1879747,non_cancer
GSM1879748,non_cancer
GSM1879749,non_cancer
GSM1879750,non_cancer
GSM1879751,non_cancer
GSM1879752,non_cancer
GSM1879753,non_cancer
GSM1879754,non_cancer
GSM1879755,non_cancer
GSM1879756,non_cancer
GSM1879757,non_cancer
GSM1879758,non_cancer
GSM1879759,non_cancer
GSM1879760,non_cancer
GSM1879761,non_cancer
GSM1879762,non_cancer
GSM1879763,non_cancer
GSM1879764,non_cancer
GSM1879765,non_cancer
GSM1879766,non_cancer
GSM1879767,non_cancer
GSM1879768,non_cancer
GSM1879769,non_cancer
GSM1879770,non_cancer
GSM1879771,non_cancer
GSM1879772,non_cancer
GSM1879773,non_cancer
GSM1879774,non_cancer
GSM1879775,non_cancer
GSM1879776,non_cancer
GSM1879777,non_cancer
GSM1879778,non_cancer
GSM1879779,non_cancer
GSM1879780,non_cancer
GSM1879781,non_cancer
GSM1879782,non_cancer
GSM1879783,non_cancer
GSM1879784,non_cancer
GSM1879785,non_cancer
GSM1879786,non_cancer
GSM1879787,non_cancer
GSM1879788,non_cancer
GSM1879789,non_cancer
GSM1879790,non_cancer
GSM1879791,non_cancer
GSM1879792,non_cancer
GSM1879793,non_cancer
GSM1879794,non_cancer
GSM1879795,non_cancer
GSM1879796,non_cancer
GSM1879797,non_cancer
GSM1879798,non_cancer
GSM1879799,non_cancer
GSM1879800,non_cancer
GSM1879801,non_cancer
GSM1879802,non_cancer
GSM1879803,non_cancer
GSM1879804,non_cancer
GSM1879805,non_cancer
GSM1879806,non_cancer
GSM1879807,non_cancer
GSM1879808,non_cancer
GSM1879809,non_cancer
GSM1879810,non_cancer
GSM1879811,non_cancer
GSM1879812,non_cancer
GSM1879813,non_cancer
GSM1879814,non_cancer
GSM1879815,non_cancer
GSM1879816,non_cancer
GSM1879817,non_cancer
GSM1879818,non_cancer
GSM1879819,non_cancer
GSM1879820,non_cancer
GSM1879821,non_cancer
GSM1879822,non_cancer
GSM1879823,non_cancer
GSM1879824,non_cancer
GSM1879825,non_cancer
GSM1879826,non_cancer
GSM1879827,non_cancer
GSM1879828,non_cancer
GSM1879829,non_cancer
GSM1879830,non_cancer
GSM1879831,non_cancer
GSM1879832,non_cancer
GSM1879833,non_cancer
GSM1879834,non_cancer
GSM1879835,non_cancer
GSM1879836,non_cancer
GSM1879837,non_cancer
GSM1879838,non_cancer
GSM1879839,non_cancer
GSM1879840,non_cancer
GSM1879841,non_cancer
GSM1879842,non_cancer
GSM1879843,non_cancer
GSM1879844,non_cancer
GSM1879845,non_cancer
GSM1879846,non_cancer
GSM1879847,non_cancer
GSM1879848,non_cancer
GSM1879849,non_cancer
GSM1879850,non_cancer
GSM1879851,non_cancer
GSM1879852,non_cancer
GSM1879853,non_cancer
GSM1879854,non_cancer
GSM1879855,non_cancer
GSM1879856,non_cancer
GSM1879857,non_cancer
GSM1879858,non_cancer
GSM1879859,non_cancer
GSM1879860,non_cancer
GSM1879861,non_cancer
GSM1879862,non_cancer
GSM1879863,non_cancer
GSM1879864,non_cancer
GSM1879865,non_cancer
GSM1879866,non_cancer
GSM1879867,non_cancer
GSM1879868,non_cancer
GSM1879869,non_cancer
GSM1879870,non_cancer
GSM1879871,non_cancer
GSM1879872,non_cancer
GSM1879873,non_cancer
GSM1879874,non_cancer
GSM1879875,non_cancer
GSM1879876,non_cancer
GSM1879877,non_cancer
GSM1879878,non_cancer
GSM1879879,non_cancer
GSM1879880,non_cancer
GSM1879881,non_cancer
GSM1879882,non_cancer
GSM1879883,non_cancer
GSM1879884,non_cancer
GSM1879885,non_cancer
GSM1879886,non_cancer
GSM1879887,non_cancer
GSM1879888,non_cancer
GSM1879889,non_cancer
GSM1879890,non_cancer
GSM1879891,non_cancer
GSM1879892,non_cancer
GSM1879893,non_cancer
GSM1879894,non_cancer
GSM1879895,non_cancer
GSM1879896,non_cancer
GSM1879897,non_cancer
GSM1879898,non_cancer
GSM1879899,non_cancer
GSM1879900,non_cancer
GSM1879901,non_cancer
GSM1879902,non_cancer
GSM1879903,non_cancer
GSM1879904,non_cancer
GSM1879905,non_cancer
GSM1879906,non_cancer
GSM1879907,non_cancer
GSM1879908,non_cancer
GSM1879909,non_cancer
GSM1879910,non_cancer
GSM1879911,non_cancer
GSM1879912,non_cancer
GSM1879913,non_cancer
GSM1879914,non_cancer
GSM1879915,non_cancer
GSM1879916,non_cancer
GSM1879917,non_cancer
GSM1879918,non_cancer
GSM1879919,non_cancer
GSM1879920,non_cancer
GSM1879921,non_cancer
GSM1879922,non_cancer
GSM1879923,non_cancer
GSM1879924,non_cancer
GSM1879925,non_cancer
GSM1879926,non_cancer
GSM1879927,non_cancer
GSM1879928,non_cancer
GSM1879929,non_cancer
GSM1879930,non_cancer
GSM1879931,non_cancer
GSM1879932,non_cancer
GSM1879933,non_cancer
GSM1879934,non_cancer
GSM1879935,non_cancer
GSM1879936,non_cancer
GSM1879937,non_cancer
GSM1879938,non_cancer
GSM1879939,non_cancer
GSM1879940,non_cancer
GSM1879941,non_cancer
GSM1879942,non_cancer
GSM1879943,non_cancer
GSM1879944,non_cancer
GSM1879945,non_cancer
GSM1879946,non_cancer
GSM1879947,non_cancer
GSM1879948,non_cancer
GSM1879949,non_cancer
GSM1879950,non_cancer
GSM1879951,non_cancer
GSM1879952,non_cancer
GSM1879953,non_cancer
GSM1879954,non_cancer
GSM1879955,non_cancer
GSM1879956,non_cancer
GSM1879957,non_cancer
GSM1879958,non_cancer
GSM1879959,non_cancer
GSM1879960,non_cancer
GSM1879961,non_cancer
GSM1879962,non_cancer
GSM1879963,non_cancer
GSM1879964,non_cancer
GSM1879965,non_cancer
GSM1879966,non_cancer
GSM1879967,non_cancer
GSM1879968,non_cancer
GSM1879969,non_cancer
GSM1879970,non_cancer
GSM1879971,non_cancer
GSM1879972,non_cancer
GSM1879973,non_cancer
GSM1879974,non_cancer
GSM1879975,non_cancer
GSM1879976,non_cancer
GSM1879977,non_cancer
GSM1879978,non_cancer
GSM1879979,non_cancer
GSM1879980,non_cancer
GSM1879981,non_cancer
GSM1879982,non_cancer
GSM1879983,non_cancer
GSM1879984,non_cancer
GSM1879985,non_cancer
GSM1879986,non_cancer
GSM1879987,non_cancer
GSM1879988,non_cancer
GSM1879989,non_cancer
GSM1879990,non_cancer
GSM1879991,non_cancer
GSM1879992,non_cancer
GSM1879993,non_cancer
GSM1879994,non_cancer
GSM1879995,non_cancer
GSM1879996,non_cancer
GSM1879997,non_cancer
GSM1879998,non_cancer
GSM1879999,non_cancer
GSM1880000,non_cancer
GSM1880001,non_cancer
GSM1880002,non_cancer
GSM1880003,non_cancer
GSM1880004,non_cancer
GSM1880005,non_cancer
GSM1880006,non_cancer
GSM1880007,non_cancer
GSM1880008,non_cancer
GSM1880009,non_cancer
GSM1880010,non_cancer
GSM1880011,non_cancer
GSM1880012,non_cancer
GSM1880013,non_cancer
GSM1880014,non_cancer
GSM1880015,non_cancer
GSM1880016,non_cancer
GSM1880017,non_cancer
GSM1880018,non_cancer
GSM1880020,non_cancer
GSM1880021,non_cancer
GSM1880022,non_cancer
GSM1880023,non_cancer
GSM1880024,non_cancer
GSM1880025,non_cancer
GSM1880026,non_cancer
GSM1880027,non_cancer
GSM1880028,non_cancer
GSM1880029,non_cancer
GSM1880030,non_cancer
GSM1880031,non_cancer
GSM1880032,non_cancer
GSM1880033,non_cancer
GSM1880034,non_cancer
GSM1880035,non_cancer
GSM1880036,non_cancer
GSM1880037,non_cancer
GSM1880038,non_cancer
GSM1880039,non_cancer
GSM1880040,non_cancer
GSM1880041,non_cancer
GSM1880042,non_cancer
GSM1880043,non_cancer
GSM1880044,non_cancer
GSM1880045,non_cancer
GSM1880046,non_cancer
GSM1880047,non_cancer
GSM1880048,non_cancer
GSM1880049,non_cancer
GSM1880050,non_cancer
GSM1880051,non_cancer
GSM1880052,non_cancer
GSM1880053,non_cancer
GSM1880054,non_cancer
GSM1880055,non_cancer
GSM1880056,non_cancer
GSM1880057,non_cancer
GSM1880058,non_cancer
GSM1880059,non_cancer
GSM1880060,non_cancer
GSM1880061,non_cancer
GSM1880062,non_cancer
GSM1880063,non_cancer
GSM1880064,non_cancer
GSM1880065,non_cancer
GSM1880066,non_cancer
GSM1880067,non_cancer
GSM1880068,non_cancer
GSM1880069,non_cancer
GSM1880070,non_cancer
GSM1880071,non_cancer
GSM1880072,non_cancer
GSM1880073,non_cancer
GSM1880074,non_cancer
GSM1880075,non_cancer
GSM1880076,non_cancer
GSM1880077,non_cancer
GSM1880078,non_cancer
GSM1880079,non_cancer
GSM1880080,non_cancer
GSM1880081,non_cancer
GSM1880082,non_cancer
GSM1880083,non_cancer
GSM1880084,non_cancer
GSM1880085,non_cancer
GSM1880086,non_cancer
GSM1880087,non_cancer
GSM1880088,non_cancer
GSM1880089,non_cancer
GSM1880090,non_cancer
GSM1880091,non_cancer
GSM1880092,non_cancer
GSM1880093,non_cancer
GSM1880094,non_cancer
GSM1880095,non_cancer
GSM1880096,non_cancer
GSM1880097,non_cancer
GSM1880098,non_cancer
GSM1880099,non_cancer
GSM1880100,non_cancer
GSM1880101,non_cancer
GSM1880102,non_cancer
GSM1880103,non_cancer
GSM1880104,non_cancer
GSM1880105,non_cancer
GSM1880106,non_cancer
GSM1880107,non_cancer
GSM1880108,non_cancer
GSM1880109,non_cancer
GSM1880110,non_cancer
GSM1880111,non_cancer
GSM1880112,non_cancer
GSM1880113,non_cancer
GSM1880114,non_cancer
GSM1880115,non_cancer
GSM1880116,non_cancer
GSM1880117,non_cancer
GSM1880118,non_cancer
GSM1880119,non_cancer
GSM1880120,non_cancer
GSM1880121,non_cancer
GSM1880122,non_cancer
GSM1880123,non_cancer
GSM1880124,non_cancer
GSM1880125,non_cancer
GSM1880126,non_cancer
GSM1880127,non_cancer
GSM1880128,non_cancer
GSM1880129,non_cancer
GSM1880130,non_cancer
GSM1880131,non_cancer
GSM1880132,non_cancer
GSM1880133,non_cancer
GSM1880134,non_cancer
GSM1880135,non_cancer
GSM1880136,non_cancer
GSM1880137,non_cancer
GSM1880138,non_cancer
GSM1880139,non_cancer
GSM1880140,non_cancer
GSM1880141,non_cancer
GSM1880142,non_cancer
GSM1880143,non_cancer
GSM1880144,non_cancer
GSM1880145,non_cancer
GSM1880146,non_cancer
GSM1880147,non_cancer
GSM1880148,non_cancer
GSM1880149,non_cancer
GSM1880150,non_cancer
GSM1880151,non_cancer
GSM1880152,non_cancer
GSM1880153,non_cancer
GSM1880154,non_cancer
GSM1880155,non_cancer
GSM1880156,non_cancer
GSM1880157,non_cancer
GSM1880158,non_cancer
GSM1880159,non_cancer
GSM1880160,non_cancer
GSM1880161,non_cancer
GSM1880162,non_cancer
GSM1880163,non_cancer
GSM1880164,non_cancer
GSM1880165,non_cancer
GSM1880166,non_cancer
GSM1880167,non_cancer
GSM1880168,non_cancer
GSM1880169,non_cancer
GSM1880170,non_cancer
GSM1880171,non_cancer
GSM1880172,non_cancer
GSM1880173,non_cancer
GSM1880174,non_cancer
GSM1880175,non_cancer
GSM1880176,non_cancer
GSM1880177,non_cancer
GSM1880178,non_cancer
GSM1880179,non_cancer
GSM1880180,non_cancer
GSM1880181,non_cancer
GSM1880182,non_cancer
GSM1880183,non_cancer
GSM1880184,non_cancer
GSM1880185,non_cancer
GSM1880186,non_cancer
GSM1880187,non_cancer
GSM1880188,non_cancer
GSM1880189,non_cancer
GSM1880190,non_cancer
GSM1880191,non_cancer
GSM1880192,non_cancer
GSM1880193,non_cancer
GSM1880194,non_cancer
GSM1880195,non_cancer
GSM1880196,non_cancer
GSM1880197,non_cancer
GSM1880198,non_cancer
GSM1880199,non_cancer
GSM1880200,non_cancer
GSM1880201,non_cancer
GSM1880202,non_cancer
GSM1880203,non_cancer
GSM1880204,non_cancer
GSM1880205,non_cancer
GSM1880206,non_cancer
GSM1880207,non_cancer
GSM1880208,non_cancer
GSM1880209,non_cancer
GSM1880210,non_cancer
GSM1880211,non_cancer
GSM1880212,non_cancer
GSM1880213,non_cancer
GSM1880214,non_cancer
GSM1880215,non_cancer
GSM1880216,non_cancer
GSM1880217,non_cancer
GSM1880218,non_cancer
GSM1880219,non_cancer
GSM1880220,non_cancer
GSM1880221,non_cancer
GSM1880222,non_cancer
GSM1880223,non_cancer
GSM1880224,non_cancer
GSM1880225,non_cancer
GSM1880226,non_cancer
GSM1880227,non_cancer
GSM1880228,non_cancer
GSM1880229,non_cancer
GSM1880230,non_cancer
GSM1880231,non_cancer
GSM1880232,non_cancer
GSM1880233,non_cancer
GSM1880234,non_cancer
GSM1880235,non_cancer
GSM1880236,non_cancer
GSM1880237,non_cancer
GSM1880238,non_cancer
GSM1880239,non_cancer
GSM1880240,non_cancer
GSM1880241,non_cancer
GSM1880242,non_cancer
GSM1880243,non_cancer
GSM1880244,non_cancer
GSM1880245,non_cancer
GSM1880246,non_cancer
GSM1880247,non_cancer
GSM1880248,non_cancer
GSM1880249,non_cancer
GSM1880250,non_cancer
GSM1880251,non_cancer
GSM1880252,non_cancer
GSM1880253,non_cancer
GSM1880254,non_cancer
GSM1880255,non_cancer
GSM1880256,non_cancer
GSM1880257,non_cancer
GSM1880258,non_cancer
GSM1880259,non_cancer
GSM1880260,non_cancer
GSM1880261,non_cancer
GSM1880262,non_cancer
GSM1880263,non_cancer
GSM1880264,non_cancer
GSM1880265,non_cancer
GSM1880266,non_cancer
GSM1880267,non_cancer
GSM1880268,non_cancer
GSM1880269,non_cancer
GSM1880270,non_cancer
GSM1880271,non_cancer
GSM1880272,non_cancer
GSM1880273,non_cancer
GSM1880274,non_cancer
GSM1880275,non_cancer
GSM1880276,non_cancer
GSM1880277,non_cancer
GSM1880278,non_cancer
GSM1880279,non_cancer
GSM1880280,non_cancer
GSM1880281,non_cancer
GSM1880282,non_cancer
GSM1880283,non_cancer
GSM1880284,non_cancer
GSM1880285,non_cancer
GSM1880286,non_cancer
GSM1880287,non_cancer
GSM1880288,non_cancer
GSM1880289,non_cancer
GSM1880290,non_cancer
GSM1880291,non_cancer
GSM1880292,non_cancer
GSM1880293,non_cancer
GSM1880294,non_cancer
GSM1880295,non_cancer
GSM1880296,non_cancer
GSM1880297,non_cancer
GSM1880298,non_cancer
GSM1880299,non_cancer
GSM1880300,non_cancer
GSM1880301,non_cancer
GSM1880302,non_cancer
GSM1880303,non_cancer
GSM1880304,non_cancer
GSM1880305,non_cancer
GSM1880306,non_cancer
GSM1880307,non_cancer
GSM1880308,non_cancer
GSM1880309,non_cancer
GSM1880310,non_cancer
GSM1880311,non_cancer
GSM1880312,non_cancer
GSM1880313,non_cancer
GSM1880314,non_cancer
GSM1880315,non_cancer
GSM1880316,non_cancer
GSM1880317,non_cancer
GSM1880318,non_cancer
GSM1880319,non_cancer
GSM1880320,non_cancer
GSM1880321,non_cancer
GSM1880322,non_cancer
GSM1880323,non_cancer
GSM1880324,non_cancer
GSM1880325,non_cancer
GSM1880326,non_cancer
GSM1880327,non_cancer
GSM1880328,non_cancer
GSM1880329,non_cancer
GSM1880330,non_cancer
GSM1880331,non_cancer
GSM1880332,non_cancer
GSM1880333,non_cancer
GSM1880334,non_cancer
GSM1880335,non_cancer
GSM1880336,non_cancer
GSM1880337,non_cancer
GSM1880338,non_cancer
GSM1880339,non_cancer
GSM1880340,non_cancer
GSM1880341,non_cancer
GSM1880342,non_cancer
GSM1880343,non_cancer
GSM1880344,non_cancer
GSM1880345,non_cancer
GSM1880346,non_cancer
GSM1880347,non_cancer
GSM1880348,non_cancer
GSM1880349,non_cancer
GSM1880350,non_cancer
GSM1880351,non_cancer
GSM1880352,non_cancer
GSM1880353,non_cancer
GSM1880354,non_cancer
GSM1880355,non_cancer
GSM1880356,non_cancer
GSM1880357,non_cancer
GSM1880358,non_cancer
GSM1880359,non_cancer
GSM1880360,non_cancer
GSM1880361,non_cancer
GSM1880362,non_cancer
GSM1880363,non_cancer
GSM1880364,non_cancer
GSM1880365,non_cancer
GSM1880366,non_cancer
GSM1880367,non_cancer
GSM1880368,non_cancer
GSM1880369,non_cancer
GSM1880370,non_cancer
GSM1880371,non_cancer
GSM1880372,non_cancer
GSM1880373,non_cancer
GSM1880374,non_cancer
GSM1880375,non_cancer
GSM1880376,non_cancer
GSM1880377,non_cancer
GSM1880430,cancer
GSM1880431,cancer
GSM1880432,cancer
GSM1880433,cancer
GSM1880434,cancer
GSM1880435,cancer
GSM1880436,cancer
GSM1880437,cancer
GSM1880438,cancer
GSM1880439,cancer
GSM1880440,non_cancer
GSM1880441,non_cancer
GSM1880442,cancer
GSM1880443,cancer
GSM1880444,cancer
GSM1880445,cancer
GSM1880446,cancer
GSM1880447,cancer
GSM1880448,cancer
GSM1880449,cancer
GSM1880450,cancer
GSM1880451,cancer
GSM1880452,cancer
GSM1880453,cancer
GSM1880454,cancer
GSM1880455,cancer
GSM1880456,cancer
GSM1880457,cancer
GSM1880458,cancer
GSM1880459,cancer
GSM1880460,cancer
GSM1880461,cancer
GSM1880462,cancer
GSM1880463,cancer
GSM1880464,cancer
GSM1880465,cancer
GSM1880466,cancer
GSM1880467,cancer
GSM1880468,cancer
GSM1880469,cancer
GSM1880470,cancer
GSM1880471,cancer
GSM1880472,cancer
GSM1880473,cancer
GSM1880474,cancer
GSM1880475,cancer
GSM1880476,cancer
GSM1880477,cancer
GSM1880478,cancer
GSM1880479,cancer
GSM1880480,cancer
GSM1880481,cancer
GSM1880482,cancer
GSM1880483,cancer
GSM1880484,cancer
GSM1880485,cancer
GSM1880486,cancer
GSM1880487,cancer
GSM1880488,cancer
GSM1880489,cancer
GSM1880490,cancer
GSM1880491,cancer
GSM1880492,cancer
GSM1880493,cancer
